Price,Date
47.803208333333345,2010.07.21
58.061249999999994,2010.07.22
46.14604166666667,2010.07.23
43.593291666666666,2010.07.24
19.148125000000004,2010.07.25
38.118249999999996,2010.07.26
47.85345833333333,2010.07.27
43.73266666666666,2010.07.28
43.87241666666666,2010.07.29
42.24141666666667,2010.07.30
38.43279166666667,2010.07.31
28.92320833333333,2010.08.01
43.666374999999995,2010.08.02
41.317249999999994,2010.08.03
41.027375000000006,2010.08.04
39.800666666666665,2010.08.05
38.54083333333333,2010.08.06
35.11066666666667,2010.08.07
24.082625000000004,2010.08.08
38.74133333333334,2010.08.09
39.142208333333336,2010.08.10
40.13670833333333,2010.08.11
42.20341666666666,2010.08.12
42.13241666666667,2010.08.13
36.73000000000001,2010.08.14
27.17804166666667,2010.08.15
1147.9559583333332,2010.08.16
43.26254166666667,2010.08.17
40.043458333333334,2010.08.18
41.14133333333334,2010.08.19
43.62241666666666,2010.08.20
39.193041666666666,2010.08.21
30.907291666666662,2010.08.22
54.28129166666667,2010.08.23
56.181666666666665,2010.08.24
42.60504166666667,2010.08.25
50.546,2010.08.26
54.69575,2010.08.27
45.5765,2010.08.28
29.865916666666667,2010.08.29
34.44079166666666,2010.08.30
46.43808333333333,2010.08.31
46.53641666666667,2010.09.01
45.21483333333333,2010.09.02
46.64641666666666,2010.09.03
44.94879166666666,2010.09.04
41.04262500000001,2010.09.05
42.42254166666667,2010.09.06
45.56258333333333,2010.09.07
38.176666666666655,2010.09.08
45.242625,2010.09.09
46.91749999999999,2010.09.10
43.73933333333333,2010.09.11
35.90016666666667,2010.09.12
43.57487500000001,2010.09.13
44.85241666666668,2010.09.14
43.794125,2010.09.15
45.75074999999999,2010.09.16
47.766541666666676,2010.09.17
42.153416666666665,2010.09.18
36.89870833333334,2010.09.19
51.19920833333333,2010.09.20
50.22241666666667,2010.09.21
51.150625,2010.09.22
50.786999999999985,2010.09.23
49.38616666666667,2010.09.24
45.68775,2010.09.25
38.00545833333333,2010.09.26
50.95679166666667,2010.09.27
55.037,2010.09.28
56.001124999999995,2010.09.29
57.22854166666665,2010.09.30
55.78820833333332,2010.10.01
47.51229166666668,2010.10.02
40.561249999999994,2010.10.03
50.41962499999999,2010.10.04
51.23695833333334,2010.10.05
52.07425,2010.10.06
52.28183333333334,2010.10.07
49.61758333333333,2010.10.08
46.965583333333335,2010.10.09
45.85975,2010.10.10
48.67124999999999,2010.10.11
54.03220833333333,2010.10.12
54.57925,2010.10.13
53.80725,2010.10.14
56.261833333333335,2010.10.15
40.17041666666666,2010.10.16
52.60037499999999,2010.10.17
58.29679166666666,2010.10.18
57.252333333333326,2010.10.19
54.46620833333333,2010.10.20
53.519,2010.10.21
54.15516666666667,2010.10.22
46.42979166666667,2010.10.23
42.66516666666667,2010.10.24
52.35604166666667,2010.10.25
57.11858333333333,2010.10.26
52.32049999999999,2010.10.27
52.069375,2010.10.28
51.31962500000001,2010.10.29
47.14166666666667,2010.10.30
31.948760000000004,2010.10.31
41.865375,2010.11.01
47.314125,2010.11.02
40.50304166666667,2010.11.03
43.17854166666668,2010.11.04
42.649791666666665,2010.11.05
51.430958333333315,2010.11.06
46.97504166666667,2010.11.07
49.48550000000001,2010.11.08
52.753083333333336,2010.11.09
49.031666666666666,2010.11.10
42.80116666666666,2010.11.11
37.05154166666666,2010.11.12
37.78504166666668,2010.11.13
32.56120833333333,2010.11.14
46.33120833333333,2010.11.15
51.73500000000001,2010.11.16
50.09383333333333,2010.11.17
43.184666666666665,2010.11.18
52.464416666666665,2010.11.19
48.11612499999999,2010.11.20
42.73008333333333,2010.11.21
45.908208333333334,2010.11.22
50.271166666666666,2010.11.23
45.645333333333326,2010.11.24
57.50925000000001,2010.11.25
55.19308333333334,2010.11.26
52.552249999999994,2010.11.27
47.86154166666666,2010.11.28
57.119,2010.11.29
57.484625,2010.11.30
47.43116666666666,2010.12.01
54.11491666666666,2010.12.02
61.637249999999995,2010.12.03
52.31154166666668,2010.12.04
42.48158333333333,2010.12.05
56.89724999999999,2010.12.06
61.635875000000006,2010.12.07
52.794333333333334,2010.12.08
50.456583333333334,2010.12.09
55.08220833333332,2010.12.10
38.056416666666664,2010.12.11
43.37875,2010.12.12
62.107499999999995,2010.12.13
62.32608333333334,2010.12.14
66.71308333333333,2010.12.15
45.96808333333333,2010.12.16
51.611875000000005,2010.12.17
45.14120833333332,2010.12.18
31.867583333333332,2010.12.19
58.28475,2010.12.20
62.935375,2010.12.21
38.822333333333326,2010.12.22
44.49525,2010.12.23
30.280500000000007,2010.12.24
31.817041666666665,2010.12.25
40.07320833333334,2010.12.26
55.97495833333334,2010.12.27
42.75033333333334,2010.12.28
49.985208333333325,2010.12.29
50.57441666666667,2010.12.30
41.56658333333333,2010.12.31
30.223249999999997,2011-01-01 00:00:00
41.8255,2011-01-02 00:00:00
65.50408333333333,2011-01-03 00:00:00
61.60279166666666,2011-01-04 00:00:00
54.25720833333333,2011-01-05 00:00:00
45.11270833333334,2011-01-06 00:00:00
47.022166666666664,2011-01-07 00:00:00
38.258791666666674,2011-01-08 00:00:00
34.8325,2011-01-09 00:00:00
59.425333333333334,2011-01-10 00:00:00
52.339125,2011-01-11 00:00:00
52.13454166666666,2011-01-12 00:00:00
48.73358333333332,2011-01-13 00:00:00
44.89745833333333,2011-01-14 00:00:00
37.22345833333333,2011-01-15 00:00:00
28.216375,2011-01-16 00:00:00
44.939874999999994,2011-01-17 00:00:00
52.67087499999999,2011-01-18 00:00:00
55.092291666666675,2011-01-19 00:00:00
57.493416666666654,2011-01-20 00:00:00
55.861124999999994,2011-01-21 00:00:00
50.799416666666644,2011-01-22 00:00:00
51.4005,2011-01-23 00:00:00
56.84329166666666,2011-01-24 00:00:00
54.250458333333334,2011-01-25 00:00:00
59.28562499999999,2011-01-26 00:00:00
57.77579166666667,2011-01-27 00:00:00
58.03245833333333,2011-01-28 00:00:00
52.98491666666667,2011-01-29 00:00:00
46.53516666666666,2011-01-30 00:00:00
55.47408333333333,2011-01-31 00:00:00
59.35920833333332,2011-02-01 00:00:00
54.17091666666667,2011-02-02 00:00:00
51.30658333333334,2011-02-03 00:00:00
46.423375,2011-02-04 00:00:00
36.95579166666667,2011-02-05 00:00:00
33.81579166666667,2011-02-06 00:00:00
43.915375000000004,2011-02-07 00:00:00
49.73858333333334,2011-02-08 00:00:00
55.256375,2011-02-09 00:00:00
52.50391666666666,2011-02-10 00:00:00
50.775875000000006,2011-02-11 00:00:00
46.215916666666665,2011-02-12 00:00:00
43.095875,2011-02-13 00:00:00
47.63491666666666,2011-02-14 00:00:00
52.159083333333335,2011-02-15 00:00:00
57.45083333333332,2011-02-16 00:00:00
55.571416666666664,2011-02-17 00:00:00
56.63733333333332,2011-02-18 00:00:00
53.113250000000015,2011-02-19 00:00:00
42.22054166666667,2011-02-20 00:00:00
55.58762500000001,2011-02-21 00:00:00
59.603125,2011-02-22 00:00:00
58.31395833333334,2011-02-23 00:00:00
57.39720833333334,2011-02-24 00:00:00
56.79320833333333,2011-02-25 00:00:00
49.91945833333335,2011-02-26 00:00:00
48.01349999999999,2011-02-27 00:00:00
58.556875,2011-02-28 00:00:00
58.78841666666667,2011-03-01 00:00:00
58.04091666666667,2011-03-02 00:00:00
58.12470833333333,2011-03-03 00:00:00
59.12854166666667,2011-03-04 00:00:00
51.25445833333334,2011-03-05 00:00:00
49.214874999999985,2011-03-06 00:00:00
57.59054166666667,2011-03-07 00:00:00
56.79479166666667,2011-03-08 00:00:00
50.52124999999999,2011-03-09 00:00:00
50.06733333333332,2011-03-10 00:00:00
54.069500000000005,2011-03-11 00:00:00
52.15854166666666,2011-03-12 00:00:00
46.37808333333333,2011-03-13 00:00:00
56.713166666666666,2011-03-14 00:00:00
55.05345833333331,2011-03-15 00:00:00
50.26045833333333,2011-03-16 00:00:00
56.23433333333333,2011-03-17 00:00:00
59.20108333333334,2011-03-18 00:00:00
55.07766666666666,2011-03-19 00:00:00
47.27645833333333,2011-03-20 00:00:00
63.26391666666667,2011-03-21 00:00:00
55.39845833333334,2011-03-22 00:00:00
53.91983333333332,2011-03-23 00:00:00
52.188583333333334,2011-03-24 00:00:00
49.51883333333333,2011-03-25 00:00:00
51.686249999999994,2011-03-26 00:00:00
49.03430434782609,2011-03-27 00:00:00
55.886541666666666,2011-03-28 00:00:00
54.98387500000001,2011-03-29 00:00:00
53.864750000000015,2011-03-30 00:00:00
50.563875,2011-03-31 00:00:00
52.398208333333336,2011-04-01 00:00:00
50.904,2011-04-02 00:00:00
48.11354166666667,2011-04-03 00:00:00
57.778,2011-04-04 00:00:00
56.098291666666675,2011-04-05 00:00:00
54.35612499999999,2011-04-06 00:00:00
53.338458333333335,2011-04-07 00:00:00
52.559958333333334,2011-04-08 00:00:00
48.81066666666667,2011-04-09 00:00:00
43.37104166666666,2011-04-10 00:00:00
51.404208333333344,2011-04-11 00:00:00
51.36579166666666,2011-04-12 00:00:00
55.63316666666666,2011-04-13 00:00:00
60.85212500000001,2011-04-14 00:00:00
57.00512499999999,2011-04-15 00:00:00
53.58679166666667,2011-04-16 00:00:00
48.48024999999999,2011-04-17 00:00:00
60.48425,2011-04-18 00:00:00
58.08158333333335,2011-04-19 00:00:00
56.449625000000005,2011-04-20 00:00:00
57.163249999999984,2011-04-21 00:00:00
49.360749999999996,2011-04-22 00:00:00
52.67804166666667,2011-04-23 00:00:00
37.939416666666666,2011-04-24 00:00:00
30.68641666666667,2011-04-25 00:00:00
51.89362499999999,2011-04-26 00:00:00
57.34275,2011-04-27 00:00:00
56.320625,2011-04-28 00:00:00
52.489625,2011-04-29 00:00:00
43.46770833333334,2011-04-30 00:00:00
36.80516666666666,2011-05-01 00:00:00
53.03262499999999,2011-05-02 00:00:00
60.112125,2011-05-03 00:00:00
61.33466666666667,2011-05-04 00:00:00
61.360375000000005,2011-05-05 00:00:00
59.42099999999999,2011-05-06 00:00:00
53.52995833333333,2011-05-07 00:00:00
37.45054166666666,2011-05-08 00:00:00
50.139833333333335,2011-05-09 00:00:00
61.96129166666666,2011-05-10 00:00:00
64.71904166666666,2011-05-11 00:00:00
66.45495833333332,2011-05-12 00:00:00
61.28049999999999,2011-05-13 00:00:00
57.20304166666667,2011-05-14 00:00:00
44.89033333333333,2011-05-15 00:00:00
57.75433333333334,2011-05-16 00:00:00
56.156208333333346,2011-05-17 00:00:00
64.18079166666668,2011-05-18 00:00:00
63.800000000000004,2011-05-19 00:00:00
62.717958333333335,2011-05-20 00:00:00
57.55845833333333,2011-05-21 00:00:00
47.62929166666667,2011-05-22 00:00:00
57.414874999999995,2011-05-23 00:00:00
60.807625,2011-05-24 00:00:00
60.911541666666665,2011-05-25 00:00:00
58.13,2011-05-26 00:00:00
56.062958333333334,2011-05-27 00:00:00
51.641124999999995,2011-05-28 00:00:00
45.41075000000001,2011-05-29 00:00:00
59.08258333333331,2011-05-30 00:00:00
59.22383333333334,2011-05-31 00:00:00
58.27645833333335,2011-06-01 00:00:00
48.72804166666666,2011-06-02 00:00:00
54.27525,2011-06-03 00:00:00
53.54912500000001,2011-06-04 00:00:00
46.97870833333332,2011-06-05 00:00:00
60.72233333333335,2011-06-06 00:00:00
61.33962499999999,2011-06-07 00:00:00
59.950916666666664,2011-06-08 00:00:00
57.13970833333334,2011-06-09 00:00:00
58.145833333333336,2011-06-10 00:00:00
51.28733333333333,2011-06-11 00:00:00
44.99762499999999,2011-06-12 00:00:00
50.43304166666667,2011-06-13 00:00:00
57.51720833333332,2011-06-14 00:00:00
62.024833333333326,2011-06-15 00:00:00
59.41987499999999,2011-06-16 00:00:00
55.37604166666665,2011-06-17 00:00:00
50.64054166666666,2011-06-18 00:00:00
35.28745833333334,2011-06-19 00:00:00
46.73141666666666,2011-06-20 00:00:00
56.84287499999999,2011-06-21 00:00:00
56.91891666666666,2011-06-22 00:00:00
48.321,2011-06-23 00:00:00
48.622791666666664,2011-06-24 00:00:00
49.935624999999995,2011-06-25 00:00:00
40.99420833333334,2011-06-26 00:00:00
52.44245833333332,2011-06-27 00:00:00
53.87445833333333,2011-06-28 00:00:00
52.55520833333333,2011-06-29 00:00:00
49.46454166666667,2011-06-30 00:00:00
50.289375,2011-07-01 00:00:00
84.6073333333333,2011-07-02 00:00:00
25.06445833333333,2011-07-03 00:00:00
57.776624999999996,2011-07-04 00:00:00
53.860791666666664,2011-07-05 00:00:00
60.56008333333333,2011-07-06 00:00:00
64.98608333333334,2011-07-07 00:00:00
61.07908333333332,2011-07-08 00:00:00
48.62508333333334,2011-07-09 00:00:00
52.65454166666666,2011-07-10 00:00:00
77.359625,2011-07-11 00:00:00
73.60958333333333,2011-07-12 00:00:00
53.73020833333333,2011-07-13 00:00:00
67.69479166666666,2011-07-14 00:00:00
51.63558333333333,2011-07-15 00:00:00
57.43299999999999,2011-07-16 00:00:00
64.24362500000001,2011-07-17 00:00:00
65.06016666666667,2011-07-18 00:00:00
56.34966666666668,2011-07-19 00:00:00
54.81166666666667,2011-07-20 00:00:00
53.18741666666666,2011-07-21 00:00:00
46.328125,2011-07-22 00:00:00
60.922499999999985,2011-07-23 00:00:00
25.063,2011-07-24 00:00:00
48.072,2011-07-25 00:00:00
49.17612499999999,2011-07-26 00:00:00
49.36512500000001,2011-07-27 00:00:00
48.311749999999996,2011-07-28 00:00:00
46.00870833333335,2011-07-29 00:00:00
38.93804166666667,2011-07-30 00:00:00
31.847291666666663,2011-07-31 00:00:00
78.8523333333333,2011-08-01 00:00:00
51.226333333333336,2011-08-02 00:00:00
49.34054166666667,2011-08-03 00:00:00
48.67391666666666,2011-08-04 00:00:00
48.73866666666666,2011-08-05 00:00:00
85.16241666666666,2011-08-06 00:00:00
58.28916666666667,2011-08-07 00:00:00
53.87091666666666,2011-08-08 00:00:00
41.38033333333333,2011-08-09 00:00:00
42.85641666666667,2011-08-10 00:00:00
44.423333333333346,2011-08-11 00:00:00
46.87966666666667,2011-08-12 00:00:00
47.24091666666667,2011-08-13 00:00:00
36.877916666666664,2011-08-14 00:00:00
43.99366666666666,2011-08-15 00:00:00
51.135708333333326,2011-08-16 00:00:00
55.13912500000001,2011-08-17 00:00:00
52.86529166666667,2011-08-18 00:00:00
50.11699999999999,2011-08-19 00:00:00
48.11783333333333,2011-08-20 00:00:00
49.48333333333333,2011-08-21 00:00:00
60.274999999999984,2011-08-22 00:00:00
60.231916666666656,2011-08-23 00:00:00
67.38170833333334,2011-08-24 00:00:00
62.910124999999994,2011-08-25 00:00:00
84.46929166666666,2011-08-26 00:00:00
60.748375,2011-08-27 00:00:00
37.708124999999995,2011-08-28 00:00:00
68.21549999999998,2011-08-29 00:00:00
56.307375,2011-08-30 00:00:00
59.25475000000001,2011-08-31 00:00:00
63.94970833333335,2011-09-01 00:00:00
59.42045833333335,2011-09-02 00:00:00
51.97733333333333,2011-09-03 00:00:00
46.30662499999999,2011-09-04 00:00:00
58.54916666666666,2011-09-05 00:00:00
82.21925,2011-09-06 00:00:00
73.46029166666666,2011-09-07 00:00:00
71.43658333333333,2011-09-08 00:00:00
59.83070833333334,2011-09-09 00:00:00
59.058458333333334,2011-09-10 00:00:00
48.846125,2011-09-11 00:00:00
86.72820833333333,2011-09-12 00:00:00
93.06162499999999,2011-09-13 00:00:00
66.38304166666667,2011-09-14 00:00:00
98.22325000000001,2011-09-15 00:00:00
69.06158333333333,2011-09-16 00:00:00
79.77633333333333,2011-09-17 00:00:00
65.03412500000002,2011-09-18 00:00:00
59.25949999999998,2011-09-19 00:00:00
61.56254166666667,2011-09-20 00:00:00
68.41775,2011-09-21 00:00:00
58.712041666666664,2011-09-22 00:00:00
62.818083333333334,2011-09-23 00:00:00
69.11508333333333,2011-09-24 00:00:00
45.92783333333333,2011-09-25 00:00:00
54.88733333333334,2011-09-26 00:00:00
66.74229166666666,2011-09-27 00:00:00
57.605249999999984,2011-09-28 00:00:00
58.903625,2011-09-29 00:00:00
59.028875,2011-09-30 00:00:00
49.91416666666668,2011-10-01 00:00:00
40.46237499999999,2011-10-02 00:00:00
60.02229166666666,2011-10-03 00:00:00
56.052166666666686,2011-10-04 00:00:00
61.63358333333332,2011-10-05 00:00:00
73.62366666666667,2011-10-06 00:00:00
53.343250000000005,2011-10-07 00:00:00
43.4355,2011-10-08 00:00:00
44.314833333333326,2011-10-09 00:00:00
49.16437500000001,2011-10-10 00:00:00
54.56937500000001,2011-10-11 00:00:00
60.332249999999995,2011-10-12 00:00:00
86.36041666666667,2011-10-13 00:00:00
60.164500000000004,2011-10-14 00:00:00
57.81145833333334,2011-10-15 00:00:00
45.63329166666666,2011-10-16 00:00:00
56.395624999999995,2011-10-17 00:00:00
54.49216666666667,2011-10-18 00:00:00
58.86004166666666,2011-10-19 00:00:00
61.623041666666666,2011-10-20 00:00:00
62.674583333333324,2011-10-21 00:00:00
50.85995833333333,2011-10-22 00:00:00
42.839208333333325,2011-10-23 00:00:00
55.54991666666667,2011-10-24 00:00:00
63.968916666666665,2011-10-25 00:00:00
58.9775,2011-10-26 00:00:00
56.86925,2011-10-27 00:00:00
56.833666666666666,2011-10-28 00:00:00
50.84129166666667,2011-10-29 00:00:00
43.680960000000006,2011-10-30 00:00:00
47.49795833333332,2011-10-31 00:00:00
49.55450000000001,2011-11-01 00:00:00
67.39375,2011-11-02 00:00:00
75.30487500000001,2011-11-03 00:00:00
56.427458333333334,2011-11-04 00:00:00
64.41079166666667,2011-11-05 00:00:00
54.886500000000005,2011-11-06 00:00:00
58.018875,2011-11-07 00:00:00
62.406666666666666,2011-11-08 00:00:00
60.57716666666666,2011-11-09 00:00:00
63.79720833333332,2011-11-10 00:00:00
66.18795833333333,2011-11-11 00:00:00
57.36745833333333,2011-11-12 00:00:00
47.490125000000006,2011-11-13 00:00:00
62.30187500000002,2011-11-14 00:00:00
68.86341666666665,2011-11-15 00:00:00
73.03779166666668,2011-11-16 00:00:00
71.76954166666665,2011-11-17 00:00:00
69.09829166666667,2011-11-18 00:00:00
84.33016666666668,2011-11-19 00:00:00
71.363625,2011-11-20 00:00:00
75.072875,2011-11-21 00:00:00
75.79220833333333,2011-11-22 00:00:00
87.07979166666668,2011-11-23 00:00:00
79.130875,2011-11-24 00:00:00
71.70420833333334,2011-11-25 00:00:00
50.85774999999999,2011-11-26 00:00:00
41.12416666666667,2011-11-27 00:00:00
77.87649999999998,2011-11-28 00:00:00
86.25804166666667,2011-11-29 00:00:00
62.04425000000001,2011-11-30 00:00:00
69.21508333333334,2011-12-01 00:00:00
69.24570833333333,2011-12-02 00:00:00
65.97495833333333,2011-12-03 00:00:00
68.08958333333332,2011-12-04 00:00:00
56.673333333333325,2011-12-05 00:00:00
71.1905,2011-12-06 00:00:00
61.89020833333333,2011-12-07 00:00:00
65.726375,2011-12-08 00:00:00
71.51204166666666,2011-12-09 00:00:00
56.604875,2011-12-10 00:00:00
48.764624999999995,2011-12-11 00:00:00
68.300875,2011-12-12 00:00:00
73.82133333333336,2011-12-13 00:00:00
66.34354166666665,2011-12-14 00:00:00
63.74099999999999,2011-12-15 00:00:00
48.503874999999994,2011-12-16 00:00:00
44.545125000000006,2011-12-17 00:00:00
47.383500000000005,2011-12-18 00:00:00
54.28991666666667,2011-12-19 00:00:00
58.26545833333335,2011-12-20 00:00:00
55.85254166666666,2011-12-21 00:00:00
58.58470833333332,2011-12-22 00:00:00
42.753625,2011-12-23 00:00:00
80.97433333333333,2011-12-24 00:00:00
32.35570833333333,2011-12-25 00:00:00
23.941958333333332,2011-12-26 00:00:00
48.006375,2011-12-27 00:00:00
74.47279166666667,2011-12-28 00:00:00
47.067041666666675,2011-12-29 00:00:00
39.068999999999996,2011-12-30 00:00:00
42.81154166666667,2011-12-31 00:00:00
18.94758333333333,2012-01-01 00:00:00
36.069041666666664,2012-01-02 00:00:00
59.187083333333334,2012-01-03 00:00:00
44.466375,2012-01-04 00:00:00
44.500166666666665,2012-01-05 00:00:00
34.435291666666664,2012-01-06 00:00:00
71.99429166666667,2012-01-07 00:00:00
54.87308333333334,2012-01-08 00:00:00
52.41795833333334,2012-01-09 00:00:00
52.533374999999985,2012-01-10 00:00:00
47.64137500000001,2012-01-11 00:00:00
74.69687499999999,2012-01-12 00:00:00
51.118750000000006,2012-01-13 00:00:00
44.59433333333333,2012-01-14 00:00:00
45.66579166666667,2012-01-15 00:00:00
53.32954166666667,2012-01-16 00:00:00
59.30091666666667,2012-01-17 00:00:00
76.92304166666668,2012-01-18 00:00:00
65.42095833333333,2012-01-19 00:00:00
73.01366666666668,2012-01-20 00:00:00
55.668000000000006,2012-01-21 00:00:00
49.48029166666666,2012-01-22 00:00:00
53.36650000000001,2012-01-23 00:00:00
100.08204166666667,2012-01-24 00:00:00
53.800625,2012-01-25 00:00:00
78.62500000000001,2012-01-26 00:00:00
64.94570833333333,2012-01-27 00:00:00
56.29570833333333,2012-01-28 00:00:00
47.70833333333334,2012-01-29 00:00:00
51.28670833333334,2012-01-30 00:00:00
65.505125,2012-01-31 00:00:00
52.015375000000006,2012-02-01 00:00:00
59.617,2012-02-02 00:00:00
68.43783333333333,2012-02-03 00:00:00
80.58366666666667,2012-02-04 00:00:00
53.737125,2012-02-05 00:00:00
74.11274999999999,2012-02-06 00:00:00
77.51870833333334,2012-02-07 00:00:00
96.76541666666667,2012-02-08 00:00:00
90.64383333333335,2012-02-09 00:00:00
91.332625,2012-02-10 00:00:00
109.91824999999999,2012-02-11 00:00:00
90.401875,2012-02-12 00:00:00
89.20758333333333,2012-02-13 00:00:00
100.2795,2012-02-14 00:00:00
79.16808333333334,2012-02-15 00:00:00
145.04512499999998,2012-02-16 00:00:00
64.30145833333334,2012-02-17 00:00:00
53.500874999999986,2012-02-18 00:00:00
56.015625,2012-02-19 00:00:00
86.03154166666667,2012-02-20 00:00:00
72.102125,2012-02-21 00:00:00
76.51275,2012-02-22 00:00:00
98.83754166666667,2012-02-23 00:00:00
49.749291666666664,2012-02-24 00:00:00
73.736,2012-02-25 00:00:00
53.817874999999994,2012-02-26 00:00:00
51.88845833333332,2012-02-27 00:00:00
46.40645833333334,2012-02-28 00:00:00
57.96145833333333,2012-02-29 00:00:00
49.04441666666667,2012-03-01 00:00:00
52.16812499999998,2012-03-02 00:00:00
48.096000000000004,2012-03-03 00:00:00
37.89908333333333,2012-03-04 00:00:00
49.33233333333334,2012-03-05 00:00:00
64.71179166666666,2012-03-06 00:00:00
73.046875,2012-03-07 00:00:00
69.946375,2012-03-08 00:00:00
60.85891666666666,2012-03-09 00:00:00
58.80424999999999,2012-03-10 00:00:00
43.07295833333333,2012-03-11 00:00:00
49.87654166666667,2012-03-12 00:00:00
56.264416666666655,2012-03-13 00:00:00
60.20162500000001,2012-03-14 00:00:00
46.05316666666667,2012-03-15 00:00:00
48.78325,2012-03-16 00:00:00
38.412625,2012-03-17 00:00:00
34.06966666666667,2012-03-18 00:00:00
43.05104166666667,2012-03-19 00:00:00
46.87199999999999,2012-03-20 00:00:00
45.476874999999986,2012-03-21 00:00:00
45.18004166666666,2012-03-22 00:00:00
43.55375,2012-03-23 00:00:00
39.52887499999999,2012-03-24 00:00:00
26.733869565217393,2012-03-25 00:00:00
43.721833333333336,2012-03-26 00:00:00
56.81187500000001,2012-03-27 00:00:00
38.39612499999999,2012-03-28 00:00:00
49.150041666666674,2012-03-29 00:00:00
51.84316666666667,2012-03-30 00:00:00
27.661083333333337,2012-03-31 00:00:00
80.65262500000001,2012-04-01 00:00:00
69.82104166666667,2012-04-02 00:00:00
53.119875,2012-04-03 00:00:00
70.81670833333332,2012-04-04 00:00:00
56.349291666666666,2012-04-05 00:00:00
61.02941666666666,2012-04-06 00:00:00
35.24583333333333,2012-04-07 00:00:00
23.653666666666666,2012-04-08 00:00:00
19.948791666666665,2012-04-09 00:00:00
64.73520833333335,2012-04-10 00:00:00
83.35525000000001,2012-04-11 00:00:00
59.06187499999999,2012-04-12 00:00:00
50.38283333333334,2012-04-13 00:00:00
49.39608333333333,2012-04-14 00:00:00
32.99945833333334,2012-04-15 00:00:00
47.711666666666666,2012-04-16 00:00:00
99.41820833333333,2012-04-17 00:00:00
52.1565,2012-04-18 00:00:00
52.199541666666676,2012-04-19 00:00:00
56.55916666666667,2012-04-20 00:00:00
45.281749999999995,2012-04-21 00:00:00
37.468624999999996,2012-04-22 00:00:00
55.126208333333324,2012-04-23 00:00:00
53.30208333333334,2012-04-24 00:00:00
44.33479166666666,2012-04-25 00:00:00
44.206916666666665,2012-04-26 00:00:00
43.23012500000001,2012-04-27 00:00:00
38.64645833333333,2012-04-28 00:00:00
25.613416666666666,2012-04-29 00:00:00
36.66266666666666,2012-04-30 00:00:00
26.68854166666667,2012-05-01 00:00:00
47.36525,2012-05-02 00:00:00
51.80225000000001,2012-05-03 00:00:00
45.7585,2012-05-04 00:00:00
38.014624999999995,2012-05-05 00:00:00
31.284708333333338,2012-05-06 00:00:00
46.56354166666667,2012-05-07 00:00:00
41.78916666666667,2012-05-08 00:00:00
48.44770833333334,2012-05-09 00:00:00
44.29695833333333,2012-05-10 00:00:00
45.746916666666664,2012-05-11 00:00:00
43.890750000000004,2012-05-12 00:00:00
29.496249999999993,2012-05-13 00:00:00
41.56887500000001,2012-05-14 00:00:00
46.41358333333332,2012-05-15 00:00:00
46.36295833333333,2012-05-16 00:00:00
55.63708333333332,2012-05-17 00:00:00
54.508833333333335,2012-05-18 00:00:00
59.41312499999999,2012-05-19 00:00:00
28.965374999999998,2012-05-20 00:00:00
37.74279166666667,2012-05-21 00:00:00
41.511041666666664,2012-05-22 00:00:00
46.869708333333335,2012-05-23 00:00:00
40.63966666666666,2012-05-24 00:00:00
41.825791666666674,2012-05-25 00:00:00
44.91545833333333,2012-05-26 00:00:00
18.21858333333333,2012-05-27 00:00:00
23.684041666666662,2012-05-28 00:00:00
37.415375,2012-05-29 00:00:00
45.37320833333334,2012-05-30 00:00:00
46.65329166666667,2012-05-31 00:00:00
41.912749999999996,2012-06-01 00:00:00
39.854375,2012-06-02 00:00:00
27.260416666666668,2012-06-03 00:00:00
43.79091666666667,2012-06-04 00:00:00
43.75083333333333,2012-06-05 00:00:00
47.238708333333335,2012-06-06 00:00:00
42.28991666666666,2012-06-07 00:00:00
40.44470833333333,2012-06-08 00:00:00
28.311999999999998,2012-06-09 00:00:00
27.321249999999992,2012-06-10 00:00:00
45.591208333333334,2012-06-11 00:00:00
45.34825,2012-06-12 00:00:00
48.56108333333335,2012-06-13 00:00:00
46.27754166666667,2012-06-14 00:00:00
42.093041666666664,2012-06-15 00:00:00
33.585,2012-06-16 00:00:00
20.491708333333335,2012-06-17 00:00:00
40.48979166666667,2012-06-18 00:00:00
50.34766666666667,2012-06-19 00:00:00
51.27491666666666,2012-06-20 00:00:00
57.51225,2012-06-21 00:00:00
39.717666666666666,2012-06-22 00:00:00
61.04891666666666,2012-06-23 00:00:00
35.26483333333333,2012-06-24 00:00:00
41.00775000000001,2012-06-25 00:00:00
53.04220833333333,2012-06-26 00:00:00
49.49945833333334,2012-06-27 00:00:00
56.714500000000015,2012-06-28 00:00:00
49.65195833333332,2012-06-29 00:00:00
33.952625000000005,2012-06-30 00:00:00
54.81483333333333,2012-07-01 00:00:00
76.82316666666667,2012-07-02 00:00:00
116.72779166666669,2012-07-03 00:00:00
81.96620833333334,2012-07-04 00:00:00
53.69933333333333,2012-07-05 00:00:00
93.74233333333335,2012-07-06 00:00:00
52.69316666666668,2012-07-07 00:00:00
45.580583333333344,2012-07-08 00:00:00
87.082125,2012-07-09 00:00:00
79.19541666666667,2012-07-10 00:00:00
89.5205833333333,2012-07-11 00:00:00
56.225875,2012-07-12 00:00:00
61.402208333333334,2012-07-13 00:00:00
49.09566666666666,2012-07-14 00:00:00
25.476583333333327,2012-07-15 00:00:00
45.11708333333334,2012-07-16 00:00:00
59.493291666666664,2012-07-17 00:00:00
45.9095,2012-07-18 00:00:00
55.69595833333332,2012-07-19 00:00:00
52.240249999999996,2012-07-20 00:00:00
37.92720833333333,2012-07-21 00:00:00
26.012208333333334,2012-07-22 00:00:00
38.18320833333333,2012-07-23 00:00:00
43.054833333333335,2012-07-24 00:00:00
47.48766666666666,2012-07-25 00:00:00
50.636374999999994,2012-07-26 00:00:00
57.623916666666666,2012-07-27 00:00:00
44.58816666666666,2012-07-28 00:00:00
26.514583333333334,2012-07-29 00:00:00
56.60520833333333,2012-07-30 00:00:00
57.61179166666667,2012-07-31 00:00:00
53.78345833333333,2012-08-01 00:00:00
66.240625,2012-08-02 00:00:00
60.15245833333335,2012-08-03 00:00:00
63.12470833333333,2012-08-04 00:00:00
63.77612500000001,2012-08-05 00:00:00
47.80791666666667,2012-08-06 00:00:00
49.23825,2012-08-07 00:00:00
66.33324999999999,2012-08-08 00:00:00
61.862625000000016,2012-08-09 00:00:00
73.942125,2012-08-10 00:00:00
57.84562500000001,2012-08-11 00:00:00
45.44141666666667,2012-08-12 00:00:00
50.37570833333334,2012-08-13 00:00:00
72.07754166666668,2012-08-14 00:00:00
59.04258333333333,2012-08-15 00:00:00
57.02583333333332,2012-08-16 00:00:00
56.010333333333335,2012-08-17 00:00:00
57.24820833333333,2012-08-18 00:00:00
42.11304166666666,2012-08-19 00:00:00
56.1055,2012-08-20 00:00:00
72.23345833333333,2012-08-21 00:00:00
79.18479166666667,2012-08-22 00:00:00
66.05420833333334,2012-08-23 00:00:00
81.04333333333334,2012-08-24 00:00:00
61.00249999999999,2012-08-25 00:00:00
60.45291666666666,2012-08-26 00:00:00
65.80708333333332,2012-08-27 00:00:00
56.256249999999994,2012-08-28 00:00:00
62.405416666666646,2012-08-29 00:00:00
67.49624999999999,2012-08-30 00:00:00
52.644166666666656,2012-08-31 00:00:00
45.102083333333326,2012-09-01 00:00:00
34.18958333333333,2012-09-02 00:00:00
50.659166666666664,2012-09-03 00:00:00
56.44,2012-09-04 00:00:00
67.46166666666666,2012-09-05 00:00:00
51.60333333333333,2012-09-06 00:00:00
52.44166666666666,2012-09-07 00:00:00
57.596250000000005,2012-09-08 00:00:00
45.602083333333326,2012-09-09 00:00:00
50.51166666666668,2012-09-10 00:00:00
52.88208333333333,2012-09-11 00:00:00
57.21958333333333,2012-09-12 00:00:00
54.26458333333334,2012-09-13 00:00:00
41.71458333333334,2012-09-14 00:00:00
41.49125,2012-09-15 00:00:00
33.07625,2012-09-16 00:00:00
51.59499999999999,2012-09-17 00:00:00
52.79208333333333,2012-09-18 00:00:00
53.48833333333332,2012-09-19 00:00:00
52.929166666666674,2012-09-20 00:00:00
50.63291666666666,2012-09-21 00:00:00
67.57541666666667,2012-09-22 00:00:00
36.697916666666664,2012-09-23 00:00:00
45.38041666666666,2012-09-24 00:00:00
62.44375,2012-09-25 00:00:00
52.589166666666664,2012-09-26 00:00:00
46.28333333333333,2012-09-27 00:00:00
49.450416666666655,2012-09-28 00:00:00
40.21375,2012-09-29 00:00:00
27.03166666666667,2012-09-30 00:00:00
52.20499999999999,2012-10-01 00:00:00
52.69583333333335,2012-10-02 00:00:00
71.32791666666665,2012-10-03 00:00:00
48.91125,2012-10-04 00:00:00
41.22708333333335,2012-10-05 00:00:00
39.98625,2012-10-06 00:00:00
31.987083333333327,2012-10-07 00:00:00
49.175833333333344,2012-10-08 00:00:00
50.18833333333334,2012-10-09 00:00:00
51.772083333333335,2012-10-10 00:00:00
53.51208333333332,2012-10-11 00:00:00
46.53791666666667,2012-10-12 00:00:00
44.158333333333324,2012-10-13 00:00:00
34.111666666666665,2012-10-14 00:00:00
47.628750000000004,2012-10-15 00:00:00
41.71916666666666,2012-10-16 00:00:00
44.55708333333334,2012-10-17 00:00:00
42.38791666666666,2012-10-18 00:00:00
41.21208333333333,2012-10-19 00:00:00
38.51624999999999,2012-10-20 00:00:00
33.239583333333336,2012-10-21 00:00:00
47.65541666666667,2012-10-22 00:00:00
52.97083333333333,2012-10-23 00:00:00
55.01916666666667,2012-10-24 00:00:00
48.80916666666666,2012-10-25 00:00:00
52.40416666666666,2012-10-26 00:00:00
40.98291666666666,2012-10-27 00:00:00
34.1716,2012-10-28 00:00:00
47.699166666666656,2012-10-29 00:00:00
57.95708333333334,2012-10-30 00:00:00
50.16666666666668,2012-10-31 00:00:00
33.035833333333336,2012-11-01 00:00:00
33.55583333333333,2012-11-02 00:00:00
34.467499999999994,2012-11-03 00:00:00
30.95333333333333,2012-11-04 00:00:00
45.765416666666674,2012-11-05 00:00:00
43.580833333333324,2012-11-06 00:00:00
42.77583333333334,2012-11-07 00:00:00
40.47916666666668,2012-11-08 00:00:00
50.933749999999996,2012-11-09 00:00:00
43.86708333333334,2012-11-10 00:00:00
34.707499999999996,2012-11-11 00:00:00
50.6625,2012-11-12 00:00:00
54.993750000000006,2012-11-13 00:00:00
52.20166666666666,2012-11-14 00:00:00
52.625833333333325,2012-11-15 00:00:00
52.94458333333333,2012-11-16 00:00:00
42.827916666666674,2012-11-17 00:00:00
39.90333333333333,2012-11-18 00:00:00
52.01,2012-11-19 00:00:00
54.254999999999995,2012-11-20 00:00:00
51.85833333333333,2012-11-21 00:00:00
49.90541666666667,2012-11-22 00:00:00
54.140416666666674,2012-11-23 00:00:00
52.20458333333334,2012-11-24 00:00:00
38.75333333333334,2012-11-25 00:00:00
45.18,2012-11-26 00:00:00
52.68916666666667,2012-11-27 00:00:00
54.74208333333332,2012-11-28 00:00:00
48.533750000000005,2012-11-29 00:00:00
56.08583333333333,2012-11-30 00:00:00
42.71041666666667,2012-12-01 00:00:00
39.07791666666666,2012-12-02 00:00:00
54.58041666666667,2012-12-03 00:00:00
49.450416666666655,2012-12-04 00:00:00
53.64249999999999,2012-12-05 00:00:00
54.56583333333333,2012-12-06 00:00:00
53.7775,2012-12-07 00:00:00
47.99375,2012-12-08 00:00:00
32.64458333333333,2012-12-09 00:00:00
52.61375,2012-12-10 00:00:00
61.779583333333335,2012-12-11 00:00:00
69.33875,2012-12-12 00:00:00
67.84875000000001,2012-12-13 00:00:00
51.20749999999999,2012-12-14 00:00:00
39.2825,2012-12-15 00:00:00
36.28249999999999,2012-12-16 00:00:00
50.87083333333333,2012-12-17 00:00:00
53.38125,2012-12-18 00:00:00
53.28333333333334,2012-12-19 00:00:00
45.26874999999999,2012-12-20 00:00:00
42.06583333333333,2012-12-21 00:00:00
54.41416666666666,2012-12-22 00:00:00
27.69541666666667,2012-12-23 00:00:00
15.607499999999996,2012-12-24 00:00:00
-5.256250000000001,2012-12-25 00:00:00
-6.710416666666664,2012-12-26 00:00:00
34.88791666666666,2012-12-27 00:00:00
29.65291666666666,2012-12-28 00:00:00
36.29833333333334,2012-12-29 00:00:00
45.124583333333334,2012-12-30 00:00:00
32.248333333333335,2012-12-31 00:00:00
8.605,2013-01-01 00:00:00
35.7295833333333,2013-01-02 00:00:00
45.995,2013-01-03 00:00:00
37.7775,2013-01-04 00:00:00
37.3516666666667,2013-01-05 00:00:00
32.2229166666667,2013-01-06 00:00:00
44.9608333333333,2013-01-07 00:00:00
50.6670833333333,2013-01-08 00:00:00
51.6020833333333,2013-01-09 00:00:00
50.7570833333333,2013-01-10 00:00:00
52.9658333333333,2013-01-11 00:00:00
50.1683333333333,2013-01-12 00:00:00
38.9858333333333,2013-01-13 00:00:00
55.0783333333333,2013-01-14 00:00:00
53.89875,2013-01-15 00:00:00
54.4908333333333,2013-01-16 00:00:00
54.8891666666667,2013-01-17 00:00:00
50.1641666666667,2013-01-18 00:00:00
37.9833333333333,2013-01-19 00:00:00
30.2654166666667,2013-01-20 00:00:00
42.95,2013-01-21 00:00:00
51.2008333333333,2013-01-22 00:00:00
49.7391666666667,2013-01-23 00:00:00
58.7129166666667,2013-01-24 00:00:00
54.2154166666667,2013-01-25 00:00:00
37.905,2013-01-26 00:00:00
33.085,2013-01-27 00:00:00
42.99625,2013-01-28 00:00:00
48.6683333333333,2013-01-29 00:00:00
30.5133333333333,2013-01-30 00:00:00
51.6220833333333,2013-01-31 00:00:00
36.2720833333333,2013-02-01 00:00:00
41.6975,2013-02-02 00:00:00
56.0191666666667,2013-02-03 00:00:00
48.4325,2013-02-04 00:00:00
32.9529166666667,2013-02-05 00:00:00
43.6008333333333,2013-02-06 00:00:00
48.9,2013-02-07 00:00:00
47.2429166666667,2013-02-08 00:00:00
41.7070833333333,2013-02-09 00:00:00
34.4383333333333,2013-02-10 00:00:00
36.88375,2013-02-11 00:00:00
47.085,2013-02-12 00:00:00
50.0895833333333,2013-02-13 00:00:00
46.7458333333333,2013-02-14 00:00:00
48.1833333333333,2013-02-15 00:00:00
39.62,2013-02-16 00:00:00
36.92125,2013-02-17 00:00:00
48.3679166666667,2013-02-18 00:00:00
48.2283333333333,2013-02-19 00:00:00
49.3745833333333,2013-02-20 00:00:00
50.2108333333333,2013-02-21 00:00:00
48.6020833333333,2013-02-22 00:00:00
42.10625,2013-02-23 00:00:00
33.4033333333333,2013-02-24 00:00:00
46.2229166666667,2013-02-25 00:00:00
50.3120833333333,2013-02-26 00:00:00
55.7804166666667,2013-02-27 00:00:00
44.18625,2013-02-28 00:00:00
47.15625,2013-03-01 00:00:00
38.9170833333333,2013-03-02 00:00:00
33.7629166666667,2013-03-03 00:00:00
46.57625,2013-03-04 00:00:00
43.6058333333333,2013-03-05 00:00:00
44.9183333333333,2013-03-06 00:00:00
39.2204166666667,2013-03-07 00:00:00
36.6945833333333,2013-03-08 00:00:00
31.55625,2013-03-09 00:00:00
19.655,2013-03-10 00:00:00
45.7254166666667,2013-03-12 00:00:00
46.265,2013-03-13 00:00:00
38.8079166666667,2013-03-14 00:00:00
39.8433333333333,2013-03-15 00:00:00
30.1525,2013-03-16 00:00:00
12.32375,2013-03-17 00:00:00
40.1858333333333,2013-03-18 00:00:00
43.0929166666667,2013-03-19 00:00:00
47.4691666666667,2013-03-20 00:00:00
47.5545833333333,2013-03-21 00:00:00
37.6166666666667,2013-03-22 00:00:00
21.7845833333333,2013-03-23 00:00:00
13.0320833333333,2013-03-24 00:00:00
36.39125,2013-03-25 00:00:00
42.605,2013-03-26 00:00:00
41.52,2013-03-27 00:00:00
50.5329166666667,2013-03-28 00:00:00
37.84,2013-03-29 00:00:00
38.0329166666667,2013-03-30 00:00:00
27.8647826086957,2013-03-31 00:00:00
24.5675,2013-04-01 00:00:00
49.3025,2013-04-02 00:00:00
44.5720833333333,2013-04-03 00:00:00
43.26875,2013-04-04 00:00:00
49.9766666666667,2013-04-05 00:00:00
43.6608333333333,2013-04-06 00:00:00
30.68125,2013-04-07 00:00:00
56.17625,2013-04-08 00:00:00
53.7454166666667,2013-04-09 00:00:00
53.51375,2013-04-10 00:00:00
55.51,2013-04-11 00:00:00
47.0441666666667,2013-04-12 00:00:00
28.08375,2013-04-13 00:00:00
17.8083333333333,2013-04-14 00:00:00
35.6508333333333,2013-04-15 00:00:00
43.8929166666667,2013-04-16 00:00:00
42.3570833333333,2013-04-17 00:00:00
26.55,2013-04-18 00:00:00
33.6291666666667,2013-04-19 00:00:00
26.5475,2013-04-20 00:00:00
16.82875,2013-04-21 00:00:00
36.3154166666667,2013-04-22 00:00:00
31.9366666666667,2013-04-23 00:00:00
33.8570833333333,2013-04-24 00:00:00
32.85875,2013-04-25 00:00:00
30.2233333333333,2013-04-26 00:00:00
29.2891666666667,2013-04-27 00:00:00
20.7791666666667,2013-04-28 00:00:00
32.185,2013-04-29 00:00:00
34.8379166666667,2013-04-30 00:00:00
13.4825,2013-05-01 00:00:00
29.5504166666667,2013-05-02 00:00:00
33.4433333333333,2013-05-03 00:00:00
25.9583333333333,2013-05-04 00:00:00
14.0754166666667,2013-05-05 00:00:00
36.3166666666667,2013-05-06 00:00:00
36.83125,2013-05-07 00:00:00
24.4041666666667,2013-05-08 00:00:00
20.455,2013-05-09 00:00:00
29.2229166666667,2013-05-10 00:00:00
24.6791666666667,2013-05-11 00:00:00
11.93625,2013-05-12 00:00:00
30.8204166666667,2013-05-13 00:00:00
35.6804166666667,2013-05-14 00:00:00
30.54625,2013-05-15 00:00:00
33.11875,2013-05-16 00:00:00
34.43875,2013-05-17 00:00:00
21.9558333333333,2013-05-18 00:00:00
8.41375,2013-05-19 00:00:00
19.6225,2013-05-20 00:00:00
38.2308333333333,2013-05-21 00:00:00
34.6641666666667,2013-05-22 00:00:00
40.9270833333333,2013-05-23 00:00:00
39.5179166666667,2013-05-24 00:00:00
29.29625,2013-05-25 00:00:00
23.1379166666667,2013-05-26 00:00:00
31.45125,2013-05-27 00:00:00
38.2170833333333,2013-05-28 00:00:00
34.7820833333333,2013-05-29 00:00:00
34.5395833333333,2013-05-30 00:00:00
32.1875,2013-05-31 00:00:00
27.0695833333333,2013-06-01 00:00:00
7.60541666666667,2013-06-02 00:00:00
31.4270833333333,2013-06-03 00:00:00
28.4029166666667,2013-06-04 00:00:00
38.3,2013-06-05 00:00:00
35.3504166666667,2013-06-06 00:00:00
31.9966666666667,2013-06-07 00:00:00
33.8795833333333,2013-06-08 00:00:00
26.5445833333333,2013-06-09 00:00:00
35.5275,2013-06-10 00:00:00
28.4483333333333,2013-06-11 00:00:00
31.05625,2013-06-12 00:00:00
28.2691666666667,2013-06-13 00:00:00
28.1375,2013-06-14 00:00:00
22.3991666666667,2013-06-15 00:00:00
38.62125,2013-06-16 00:00:00
41.5966666666667,2013-06-17 00:00:00
36.9945833333333,2013-06-18 00:00:00
70.2766666666667,2013-06-19 00:00:00
42.42875,2013-06-20 00:00:00
72.6533333333333,2013-06-21 00:00:00
28.0245833333333,2013-06-22 00:00:00
9.56166666666667,2013-06-23 00:00:00
38.70375,2013-06-24 00:00:00
33.4558333333333,2013-06-25 00:00:00
52.2366666666667,2013-06-26 00:00:00
44.2791666666667,2013-06-27 00:00:00
37.0166666666667,2013-06-28 00:00:00
25.3429166666667,2013-06-29 00:00:00
11.74,2013-06-30 00:00:00
36.3854166666667,2013-07-01 00:00:00
37.5975,2013-07-02 00:00:00
41.1229166666667,2013-07-03 00:00:00
42.3420833333333,2013-07-04 00:00:00
46.7666666666667,2013-07-05 00:00:00
52.32125,2013-07-06 00:00:00
33.7883333333333,2013-07-07 00:00:00
41.3470833333333,2013-07-08 00:00:00
47.12625,2013-07-09 00:00:00
38.3775,2013-07-10 00:00:00
47.4208333333333,2013-07-11 00:00:00
35.19625,2013-07-12 00:00:00
34.845,2013-07-13 00:00:00
20.6333333333333,2013-07-14 00:00:00
36.1783333333333,2013-07-15 00:00:00
39.5279166666667,2013-07-16 00:00:00
46.4554166666667,2013-07-17 00:00:00
46.1166666666667,2013-07-18 00:00:00
45.3941666666667,2013-07-19 00:00:00
38.6229166666667,2013-07-20 00:00:00
67.31625,2013-07-21 00:00:00
45.1091666666667,2013-07-22 00:00:00
46.8233333333333,2013-07-23 00:00:00
49.9966666666667,2013-07-24 00:00:00
54.6370833333333,2013-07-25 00:00:00
47.8170833333333,2013-07-26 00:00:00
73.1916666666666,2013-07-27 00:00:00
40.5875,2013-07-28 00:00:00
50.72125,2013-07-29 00:00:00
62.7245833333333,2013-07-30 00:00:00
38.8245833333333,2013-07-31 00:00:00
37.5983333333333,2013-08-01 00:00:00
49.3145833333334,2013-08-02 00:00:00
56.4379166666667,2013-08-03 00:00:00
26.4645833333333,2013-08-04 00:00:00
50.12875,2013-08-05 00:00:00
55.2975,2013-08-06 00:00:00
70.9070833333333,2013-08-07 00:00:00
51.46625,2013-08-08 00:00:00
53.9666666666667,2013-08-09 00:00:00
40.4920833333333,2013-08-10 00:00:00
35.8095833333333,2013-08-11 00:00:00
62.6775,2013-08-12 00:00:00
36.2891666666667,2013-08-13 00:00:00
38.0654166666667,2013-08-14 00:00:00
32.34,2013-08-15 00:00:00
41.3641666666667,2013-08-16 00:00:00
36.185,2013-08-17 00:00:00
66.4766666666666,2013-08-18 00:00:00
50.1383333333333,2013-08-19 00:00:00
47.62375,2013-08-20 00:00:00
48.6741666666667,2013-08-21 00:00:00
51.7925,2013-08-22 00:00:00
52.01875,2013-08-23 00:00:00
48.2416666666667,2013-08-24 00:00:00
43.75625,2013-08-25 00:00:00
47.64875,2013-08-26 00:00:00
50.7933333333333,2013-08-27 00:00:00
51.4279166666667,2013-08-28 00:00:00
51.9975,2013-08-29 00:00:00
49.1975,2013-08-30 00:00:00
35.5283333333333,2013-08-31 00:00:00
39.55625,2013-09-01 00:00:00
57.0379166666667,2013-09-02 00:00:00
49.4720833333333,2013-09-03 00:00:00
51.05,2013-09-04 00:00:00
47.5870833333333,2013-09-05 00:00:00
46.7083333333333,2013-09-06 00:00:00
51.2370833333333,2013-09-07 00:00:00
40.0658333333333,2013-09-08 00:00:00
51.5129166666667,2013-09-09 00:00:00
52.1125,2013-09-10 00:00:00
48.3270833333333,2013-09-11 00:00:00
49.87875,2013-09-12 00:00:00
47.7341666666667,2013-09-13 00:00:00
35.42,2013-09-14 00:00:00
41.0066666666667,2013-09-15 00:00:00
42.63875,2013-09-16 00:00:00
41.6245833333333,2013-09-17 00:00:00
48.62,2013-09-18 00:00:00
46.9570833333333,2013-09-19 00:00:00
50.30125,2013-09-20 00:00:00
39.2820833333333,2013-09-21 00:00:00
27.7091666666667,2013-09-22 00:00:00
43.6670833333333,2013-09-23 00:00:00
47.4104166666667,2013-09-24 00:00:00
53.3670833333333,2013-09-25 00:00:00
54.0604166666667,2013-09-26 00:00:00
52.31,2013-09-27 00:00:00
53.9125,2013-09-28 00:00:00
46.02875,2013-09-29 00:00:00
40.0995833333333,2013-09-30 00:00:00
68.5170833333333,2013-10-01 00:00:00
49.2354166666667,2013-10-02 00:00:00
61.2566666666667,2013-10-03 00:00:00
57.0458333333333,2013-10-04 00:00:00
42.1,2013-10-05 00:00:00
35.80875,2013-10-06 00:00:00
55.0620833333333,2013-10-07 00:00:00
55.7820833333333,2013-10-08 00:00:00
66.0708333333333,2013-10-09 00:00:00
56.6591666666667,2013-10-10 00:00:00
44.985,2013-10-11 00:00:00
50.0995833333333,2013-10-12 00:00:00
32.5525,2013-10-13 00:00:00
51.2316666666667,2013-10-14 00:00:00
55.5670833333333,2013-10-15 00:00:00
54.07125,2013-10-16 00:00:00
47.9916666666667,2013-10-17 00:00:00
40.605,2013-10-18 00:00:00
52.5120833333333,2013-10-19 00:00:00
33.825,2013-10-20 00:00:00
60.9779166666667,2013-10-21 00:00:00
52.8616666666667,2013-10-22 00:00:00
37.675,2013-10-23 00:00:00
44.2583333333333,2013-10-24 00:00:00
56.735,2013-10-25 00:00:00
46.7191666666667,2013-10-26 00:00:00
78.4384,2013-10-27 00:00:00
35.90125,2013-10-28 00:00:00
58.1983333333333,2013-10-29 00:00:00
43.9941666666667,2013-10-30 00:00:00
35.75,2013-10-31 00:00:00
26.2395833333333,2013-11-01 00:00:00
32.2970833333333,2013-11-02 00:00:00
33.05375,2013-11-03 00:00:00
33.03,2013-11-04 00:00:00
35.1729166666667,2013-11-05 00:00:00
40.19,2013-11-06 00:00:00
42.9445833333333,2013-11-07 00:00:00
46.0720833333333,2013-11-08 00:00:00
31.4858333333333,2013-11-09 00:00:00
38.7308333333333,2013-11-10 00:00:00
36.2233333333333,2013-11-11 00:00:00
45.8345833333333,2013-11-12 00:00:00
51.1866666666667,2013-11-13 00:00:00
48.14625,2013-11-14 00:00:00
50.2708333333333,2013-11-15 00:00:00
46.8016666666667,2013-11-16 00:00:00
37.8295833333333,2013-11-17 00:00:00
45.4275,2013-11-18 00:00:00
49.3625,2013-11-19 00:00:00
51.1033333333333,2013-11-20 00:00:00
48.5820833333333,2013-11-21 00:00:00
45.6670833333333,2013-11-22 00:00:00
37.1804166666667,2013-11-23 00:00:00
25.6466666666667,2013-11-24 00:00:00
39.1891666666667,2013-11-25 00:00:00
52.8866666666667,2013-11-26 00:00:00
43.7204166666667,2013-11-27 00:00:00
39.7929166666667,2013-11-28 00:00:00
42.2054166666667,2013-11-29 00:00:00
37.5445833333333,2013-11-30 00:00:00
63.12125,2013-12-01 00:00:00
52.62,2013-12-02 00:00:00
58.2733333333333,2013-12-03 00:00:00
48.3945833333333,2013-12-04 00:00:00
49.97,2013-12-05 00:00:00
71.1645833333333,2013-12-06 00:00:00
34.0595833333333,2013-12-07 00:00:00
30.4004166666667,2013-12-08 00:00:00
48.1708333333333,2013-12-09 00:00:00
61.3304166666667,2013-12-10 00:00:00
64.0641666666667,2013-12-11 00:00:00
65.3425,2013-12-12 00:00:00
60.7945833333333,2013-12-13 00:00:00
55.245,2013-12-14 00:00:00
45.9416666666667,2013-12-15 00:00:00
57.4495833333333,2013-12-16 00:00:00
68.6141666666667,2013-12-17 00:00:00
53.6191666666667,2013-12-18 00:00:00
61.6541666666666,2013-12-19 00:00:00
61.2554166666667,2013-12-20 00:00:00
54.5870833333333,2013-12-21 00:00:00
62.4958333333333,2013-12-22 00:00:00
81.5658333333333,2013-12-23 00:00:00
18.5170833333333,2013-12-24 00:00:00
26.9358333333333,2013-12-25 00:00:00
25.8225,2013-12-26 00:00:00
34.8475,2013-12-27 00:00:00
54.9129166666667,2013-12-28 00:00:00
53.6416666666667,2013-12-29 00:00:00
30.905,2013-12-30 00:00:00
50.5879166666667,2013-12-31 00:00:00
20.14375,01.01.2014
68.79958333333333,02.01.2014
46.34125,03.01.2014
23.700416666666666,04.01.2014
24.188333333333333,05.01.2014
44.35583333333334,06.01.2014
60.071666666666665,07.01.2014
48.71125,08.01.2014
50.80916666666667,09.01.2014
49.6775,10.01.2014
40.944583333333334,11.01.2014
23.561666666666667,12.01.2014
47.11416666666667,13.01.2014
52.54708333333333,14.01.2014
47.16,15.01.2014
52.04708333333333,16.01.2014
38.45666666666666,17.01.2014
33.501666666666665,18.01.2014
21.969166666666666,19.01.2014
42.139583333333334,20.01.2014
50.78125,21.01.2014
51.05375,22.01.2014
47.344166666666666,23.01.2014
49.35375,24.01.2014
34.0725,25.01.2014
27.400833333333335,26.01.2014
41.67791666666667,27.01.2014
53.98791666666666,28.01.2014
41.50208333333333,29.01.2014
46.04875,30.01.2014
44.843333333333334,31.01.2014
29.06875,01.02.2014
30.08416666666667,02.02.2014
45.865833333333335,03.02.2014
43.98583333333333,04.02.2014
42.670833333333334,05.02.2014
37.772083333333335,06.02.2014
33.038333333333334,07.02.2014
49.25083333333333,08.02.2014
24.55125,09.02.2014
38.56916666666667,10.02.2014
36.95875,11.02.2014
36.53958333333333,12.02.2014
32.98916666666667,13.02.2014
34.0675,14.02.2014
20.755,15.02.2014
18.097083333333334,16.02.2014
40.13625,17.02.2014
39.82041666666667,18.02.2014
41.744166666666665,19.02.2014
39.51208333333334,20.02.2014
34.85666666666667,21.02.2014
28.265416666666667,22.02.2014
20.9575,23.02.2014
31.38083333333333,24.02.2014
34.69166666666667,25.02.2014
38.57041666666667,26.02.2014
39.45166666666667,27.02.2014
39.24666666666667,28.02.2014
34.364583333333336,01.03.2014
29.2675,02.03.2014
40.3725,03.03.2014
46.48791666666666,04.03.2014
45.96125,05.03.2014
40.525,06.03.2014
37.51375,07.03.2014
25.47458333333333,08.03.2014
15.46625,09.03.2014
34.52,10.03.2014
34.687083333333334,11.03.2014
36.92625,12.03.2014
40.8225,13.03.2014
34.751666666666665,14.03.2014
26.326666666666668,15.03.2014
7.5529166666666665,16.03.2014
26.695,17.03.2014
33.01625,18.03.2014
24.791666666666668,19.03.2014
27.528333333333332,20.03.2014
26.766666666666666,21.03.2014
30.53375,22.03.2014
27.65,23.03.2014
40.73,24.03.2014
37.56375,25.03.2014
44.2875,26.03.2014
38.03,27.03.2014
33.8425,28.03.2014
32.42666666666667,29.03.2014
28.86173913043478,30.03.2014
46.452083333333334,31.03.2014
46.384166666666665,01.04.2014
41.14541666666667,02.04.2014
38.60916666666667,03.04.2014
42.525416666666665,04.04.2014
35.00666666666667,05.04.2014
33.475833333333334,06.04.2014
43.2725,07.04.2014
45.615833333333335,08.04.2014
43.42375,09.04.2014
42.22291666666667,10.04.2014
45.8825,11.04.2014
55.747083333333336,12.04.2014
39.04666666666667,13.04.2014
56.028333333333336,14.04.2014
38.75416666666667,15.04.2014
50.57041666666667,16.04.2014
45.79,17.04.2014
49.3175,18.04.2014
39.30041666666666,19.04.2014
13.767916666666666,20.04.2014
19.88125,21.04.2014
55.369166666666665,22.04.2014
38.78,23.04.2014
49.42875,24.04.2014
35.31875,25.04.2014
40.625,26.04.2014
27.275833333333335,27.04.2014
54.86958333333333,28.04.2014
41.01208333333334,29.04.2014
38.339166666666664,30.04.2014
22.995,01.05.2014
28.7625,02.05.2014
37.047916666666666,03.05.2014
18.7075,04.05.2014
38.5975,05.05.2014
36.497083333333336,06.05.2014
37.120416666666664,07.05.2014
30.536666666666665,08.05.2014
35.34458333333333,09.05.2014
33.18833333333333,10.05.2014
35.29541666666667,11.05.2014
34.44958333333334,12.05.2014
37.71125,13.05.2014
34.7025,14.05.2014
38.08833333333333,15.05.2014
33.91375,16.05.2014
31.85333333333333,17.05.2014
25.38375,18.05.2014
51.95791666666667,19.05.2014
43.15625,20.05.2014
42.468333333333334,21.05.2014
36.49166666666667,22.05.2014
41.084583333333335,23.05.2014
55.757083333333334,24.05.2014
26.191666666666666,25.05.2014
41.6475,26.05.2014
50.33625,27.05.2014
46.82875,28.05.2014
38.405,29.05.2014
36.61333333333334,30.05.2014
33.54625,31.05.2014
21.7875,01.06.2014
36.825,02.06.2014
42.22833333333333,03.06.2014
42.681666666666665,04.06.2014
35.4325,05.06.2014
34.13791666666667,06.06.2014
43.36,07.06.2014
21.292083333333334,08.06.2014
24.410416666666666,09.06.2014
47.61958333333333,10.06.2014
46.57958333333333,11.06.2014
58.33583333333333,12.06.2014
45.18958333333333,13.06.2014
33.314166666666665,14.06.2014
45.37583333333333,15.06.2014
47.655,16.06.2014
47.70375,17.06.2014
45.587916666666665,18.06.2014
33.294583333333335,19.06.2014
41.23458333333333,20.06.2014
26.627083333333335,21.06.2014
35.177083333333336,22.06.2014
50.05041666666666,23.06.2014
43.14375,24.06.2014
45.255833333333335,25.06.2014
43.31666666666667,26.06.2014
44.13583333333333,27.06.2014
44.01875,28.06.2014
29.42,29.06.2014
37.555,30.06.2014
36.350833333333334,01.07.2014
38.7975,02.07.2014
39.135,03.07.2014
37.91916666666667,04.07.2014
33.71,05.07.2014
31.6975,06.07.2014
45.899166666666666,07.07.2014
44.392916666666665,08.07.2014
47.961666666666666,09.07.2014
34.382083333333334,10.07.2014
34.5125,11.07.2014
34.10666666666667,12.07.2014
38.336666666666666,13.07.2014
44.58125,14.07.2014
36.15541666666667,15.07.2014
38.935,16.07.2014
42.55583333333333,17.07.2014
41.924166666666665,18.07.2014
40.94541666666667,19.07.2014
30.046666666666667,20.07.2014
41.33083333333333,21.07.2014
44.25125,22.07.2014
41.354166666666664,23.07.2014
42.63041666666667,24.07.2014
42.61125,25.07.2014
41.40833333333333,26.07.2014
29.660833333333333,27.07.2014
40.827083333333334,28.07.2014
43.4825,29.07.2014
39.44375,30.07.2014
39.32125,31.07.2014
40.94625,01.08.2014
29.986666666666668,02.08.2014
24.40125,03.08.2014
37.57333333333333,04.08.2014
40.17916666666667,05.08.2014
35.215833333333336,06.08.2014
37.750416666666666,07.08.2014
34.38041666666667,08.08.2014
40.85041666666667,09.08.2014
28.685416666666665,10.08.2014
49.54375,11.08.2014
43.09125,12.08.2014
39.61708333333333,13.08.2014
41.44583333333333,14.08.2014
29.854583333333334,15.08.2014
24.030416666666667,16.08.2014
20.545833333333334,17.08.2014
36.45708333333334,18.08.2014
41.16916666666667,19.08.2014
33.63583333333333,20.08.2014
39.46333333333333,21.08.2014
33.41416666666667,22.08.2014
31.463333333333335,23.08.2014
15.042083333333334,24.08.2014
36.14666666666667,25.08.2014
39.47833333333333,26.08.2014
38.45708333333334,27.08.2014
48.876666666666665,28.08.2014
42.692083333333336,29.08.2014
47.138333333333335,30.08.2014
34.16,31.08.2014
47.559583333333336,01.09.2014
40.537083333333335,02.09.2014
44.04291666666666,03.09.2014
50.285833333333336,04.09.2014
40.4275,05.09.2014
30.698333333333334,06.09.2014
29.6875,07.09.2014
44.23083333333334,08.09.2014
53.37416666666667,09.09.2014
58.47875,10.09.2014
45.63625,11.09.2014
42.11125,12.09.2014
34.556666666666665,13.09.2014
25.047083333333333,14.09.2014
40.259166666666665,15.09.2014
41.303333333333335,16.09.2014
44.47833333333333,17.09.2014
38.264583333333334,18.09.2014
43.35791666666667,19.09.2014
36.745,20.09.2014
26.625833333333333,21.09.2014
34.21875,22.09.2014
42.33833333333333,23.09.2014
43.3225,24.09.2014
43.87125,25.09.2014
39.02458333333333,26.09.2014
37.91791666666666,27.09.2014
28.54125,28.09.2014
43.454166666666666,29.09.2014
46.26833333333333,30.09.2014
50.60541666666666,01.10.2014
49.61875,02.10.2014
47.86083333333333,03.10.2014
34.45583333333333,04.10.2014
30.99,05.10.2014
61.895,06.10.2014
79.18458333333334,07.10.2014
44.05166666666667,08.10.2014
55.60208333333333,09.10.2014
68.29041666666667,10.10.2014
56.52916666666667,11.10.2014
62.48166666666667,12.10.2014
56.903333333333336,13.10.2014
50.12083333333333,14.10.2014
49.40875,15.10.2014
50.325833333333335,16.10.2014
57.236666666666665,17.10.2014
65.68958333333333,18.10.2014
34.627916666666664,19.10.2014
65.17291666666667,20.10.2014
67.63041666666666,21.10.2014
47.70291666666667,22.10.2014
44.540416666666665,23.10.2014
47.27,24.10.2014
41.43,25.10.2014
34.68,26.10.2014
52.71041666666667,27.10.2014
56.25833333333333,28.10.2014
61.51,29.10.2014
55.74916666666667,30.10.2014
62.4125,31.10.2014
36.035833333333336,01.11.2014
72.75875,02.11.2014
72.01458333333333,03.11.2014
63.80166666666667,04.11.2014
44.79541666666667,05.11.2014
67.37833333333333,06.11.2014
51.51125,07.11.2014
45.041666666666664,08.11.2014
25.520416666666666,09.11.2014
49.276666666666664,10.11.2014
45.66708333333333,11.11.2014
41.870416666666664,12.11.2014
45.66166666666667,13.11.2014
45.2025,14.11.2014
29.990833333333335,15.11.2014
30.5775,16.11.2014
41.7925,17.11.2014
45.860416666666666,18.11.2014
48.70458333333333,19.11.2014
46.975,20.11.2014
44.20333333333333,21.11.2014
41.68416666666667,22.11.2014
31.299583333333334,23.11.2014
41.6975,24.11.2014
47.526666666666664,25.11.2014
49.84625,26.11.2014
51.83,27.11.2014
49.70125,28.11.2014
44.0475,29.11.2014
34.1125,30.11.2014
41.1825,01.12.2014
52.60208333333333,02.12.2014
55.18,03.12.2014
55.67958333333333,04.12.2014
53.5775,05.12.2014
42.17791666666667,06.12.2014
32.9475,07.12.2014
45.382083333333334,08.12.2014
50.61083333333333,09.12.2014
44.95625,10.12.2014
47.31875,11.12.2014
44.954166666666666,12.12.2014
42.86708333333333,13.12.2014
40.94583333333333,14.12.2014
47.55166666666667,15.12.2014
50.380833333333335,16.12.2014
50.79291666666666,17.12.2014
49.994166666666665,18.12.2014
35.28333333333333,19.12.2014
38.02291666666667,20.12.2014
28.3275,21.12.2014
32.61416666666667,22.12.2014
28.8675,23.12.2014
30.355416666666667,24.12.2014
24.719166666666666,25.12.2014
32.44958333333334,26.12.2014
39.270833333333336,27.12.2014
38.925,28.12.2014
39.45375,29.12.2014
41.663333333333334,30.12.2014
32.47208333333333,31.12.2014
33.09,01.01.2015
43.775416666666665,02.01.2015
38.31791666666667,03.01.2015
40.35541666666666,04.01.2015
44.70291666666667,05.01.2015
43.41458333333333,06.01.2015
47.52708333333333,07.01.2015
59.0175,08.01.2015
44.39041666666667,09.01.2015
43.89375,10.01.2015
34.284166666666664,11.01.2015
38.930416666666666,12.01.2015
47.687083333333334,13.01.2015
48.694583333333334,14.01.2015
46.32791666666667,15.01.2015
43.397083333333335,16.01.2015
33.9675,17.01.2015
31.670416666666668,18.01.2015
48.50666666666667,19.01.2015
45.83625,20.01.2015
45.376666666666665,21.01.2015
44.56666666666667,22.01.2015
43.9875,23.01.2015
32.221666666666664,24.01.2015
30.077916666666667,25.01.2015
42.343333333333334,26.01.2015
47.672916666666666,27.01.2015
42.90416666666667,28.01.2015
46.16916666666667,29.01.2015
41.427083333333336,30.01.2015
33.25791666666667,31.01.2015
37.35875,01.02.2015
41.88583333333333,02.02.2015
45.98416666666667,03.02.2015
48.68666666666667,04.02.2015
45.26208333333334,05.02.2015
39.63333333333333,06.02.2015
41.427083333333336,07.02.2015
19.471666666666668,08.02.2015
33.022083333333335,09.02.2015
43.64041666666667,10.02.2015
47.13291666666667,11.02.2015
46.3925,12.02.2015
42.74125,13.02.2015
44.86375,14.02.2015
41.531666666666666,15.02.2015
44.66291666666667,16.02.2015
44.13333333333333,17.02.2015
45.25625,18.02.2015
44.01833333333333,19.02.2015
45.600833333333334,20.02.2015
36.95875,21.02.2015
30.798333333333332,22.02.2015
35.64833333333333,23.02.2015
39.07041666666667,24.02.2015
43.14541666666667,25.02.2015
45.329166666666666,26.02.2015
42.715833333333336,27.02.2015
38.88041666666667,28.02.2015
40.62125,01.03.2015
41.749583333333334,02.03.2015
41.785833333333336,03.03.2015
42.909166666666664,04.03.2015
40.047916666666666,05.03.2015
38.76416666666667,06.03.2015
28.78125,07.03.2015
19.675833333333333,08.03.2015
39.30041666666666,09.03.2015
42.15416666666667,10.03.2015
42.52291666666667,11.03.2015
41.685,12.03.2015
37.848333333333336,13.03.2015
33.96458333333333,14.03.2015
22.56625,15.03.2015
35.01541666666667,16.03.2015
36.608333333333334,17.03.2015
35.732083333333335,18.03.2015
41.85333333333333,19.03.2015
36.600833333333334,20.03.2015
33.26166666666666,21.03.2015
27.610416666666666,22.03.2015
45.64416666666666,23.03.2015
42.815,24.03.2015
39.66791666666666,25.03.2015
40.571666666666665,26.03.2015
34.58083333333333,27.03.2015
29.777083333333334,28.03.2015
16.332608695652173,29.03.2015
25.320416666666667,30.03.2015
29.645833333333332,31.03.2015
38.901666666666664,01.04.2015
36.85208333333333,02.04.2015
33.91125,03.04.2015
33.930416666666666,04.04.2015
23.415416666666665,05.04.2015
23.514166666666668,06.04.2015
45.63125,07.04.2015
41.49875,08.04.2015
43.3475,09.04.2015
39.16416666666667,10.04.2015
34.24375,11.04.2015
20.645,12.04.2015
27.718333333333334,13.04.2015
43.88875,14.04.2015
32.02458333333333,15.04.2015
35.88916666666667,16.04.2015
38.509166666666665,17.04.2015
27.765416666666667,18.04.2015
20.455,19.04.2015
34.86375,20.04.2015
39.08583333333333,21.04.2015
37.579166666666666,22.04.2015
37.619166666666665,23.04.2015
38.19125,24.04.2015
29.1975,25.04.2015
23.49041666666667,26.04.2015
34.16708333333333,27.04.2015
37.92541666666666,28.04.2015
35.208333333333336,29.04.2015
33.8925,30.04.2015
24.230833333333333,01.05.2015
26.789166666666667,02.05.2015
19.017916666666668,03.05.2015
33.08125,04.05.2015
33.9525,05.05.2015
31.797916666666666,06.05.2015
32.09875,07.05.2015
32.6075,08.05.2015
32.57833333333333,09.05.2015
17.868333333333332,10.05.2015
31.011666666666667,11.05.2015
31.835833333333333,12.05.2015
32.204166666666666,13.05.2015
33.05375,14.05.2015
33.29375,15.05.2015
29.310416666666665,16.05.2015
13.742916666666666,17.05.2015
31.4425,18.05.2015
29.734583333333333,19.05.2015
36.205416666666665,20.05.2015
34.27875,21.05.2015
33.48583333333333,22.05.2015
25.94625,23.05.2015
21.140833333333333,24.05.2015
21.7375,25.05.2015
37.32,26.05.2015
35.037083333333335,27.05.2015
30.32208333333333,28.05.2015
31.433333333333334,29.05.2015
34.361666666666665,30.05.2015
28.13,31.05.2015
39.27125,01.06.2015
41.874583333333334,02.06.2015
40.420833333333334,03.06.2015
34.67541666666666,04.06.2015
34.02041666666667,05.06.2015
25.999166666666667,06.06.2015
20.6025,07.06.2015
34.995416666666664,08.06.2015
35.16041666666667,09.06.2015
40.755,10.06.2015
35.364583333333336,11.06.2015
37.32375,12.06.2015
28.49125,13.06.2015
18.7,14.06.2015
42.005833333333335,15.06.2015
40.66125,16.06.2015
35.3825,17.06.2015
34.58083333333333,18.06.2015
33.78916666666667,19.06.2015
30.732916666666668,20.06.2015
24.304166666666667,21.06.2015
35.98,22.06.2015
37.9375,23.06.2015
34.195,24.06.2015
35.96375,25.06.2015
36.24625,26.06.2015
28.752916666666668,27.06.2015
22.895,28.06.2015
37.2225,29.06.2015
39.247083333333336,30.06.2015
36.407916666666665,01.07.2015
39.802083333333336,02.07.2015
46.622083333333336,03.07.2015
40.619166666666665,04.07.2015
31.272916666666667,05.07.2015
49.51208333333334,06.07.2015
61.204166666666666,07.07.2015
59.10125,08.07.2015
46.57041666666667,09.07.2015
65.75958333333334,10.07.2015
44.66708333333333,11.07.2015
38.07416666666666,12.07.2015
50.452083333333334,13.07.2015
55.44916666666666,14.07.2015
48.36083333333333,15.07.2015
56.385416666666664,16.07.2015
60.06125,17.07.2015
66.9825,18.07.2015
53.52375,19.07.2015
58.89625,20.07.2015
69.25166666666667,21.07.2015
84.08041666666666,22.07.2015
90.45125,23.07.2015
70.36208333333333,24.07.2015
45.0125,25.07.2015
39.00208333333333,26.07.2015
43.104166666666664,27.07.2015
56.49041666666667,28.07.2015
42.96375,29.07.2015
33.910833333333336,30.07.2015
38.444583333333334,31.07.2015
37.794583333333335,01.08.2015
28.190416666666668,02.08.2015
38.2775,03.08.2015
41.124583333333334,04.08.2015
42.71041666666667,05.08.2015
44.4725,06.08.2015
47.264583333333334,07.08.2015
40.34791666666667,08.08.2015
34.13625,09.08.2015
49.807916666666664,10.08.2015
46.8175,11.08.2015
48.54833333333333,12.08.2015
47.29708333333333,13.08.2015
48.29708333333333,14.08.2015
44.562083333333334,15.08.2015
37.044583333333335,16.08.2015
46.3375,17.08.2015
44.88791666666667,18.08.2015
42.80166666666667,19.08.2015
38.259166666666665,20.08.2015
33.624583333333334,21.08.2015
32.37625,22.08.2015
28.735,23.08.2015
39.702083333333334,24.08.2015
49.888333333333335,25.08.2015
53.40875,26.08.2015
45.66416666666667,27.08.2015
47.03,28.08.2015
44.18,29.08.2015
37.41416666666667,30.08.2015
56.139583333333334,31.08.2015
85.425,01.09.2015
65.06625,02.09.2015
53.380833333333335,03.09.2015
54.43875,04.09.2015
56.858333333333334,05.09.2015
36.44625,06.09.2015
51.156666666666666,07.09.2015
49.95916666666667,08.09.2015
51.568333333333335,09.09.2015
48.60541666666666,10.09.2015
50.4375,11.09.2015
47.4025,12.09.2015
40.630833333333335,13.09.2015
45.221666666666664,14.09.2015
51.26708333333333,15.09.2015
49.31625,16.09.2015
46.639583333333334,17.09.2015
51.935833333333335,18.09.2015
43.82208333333333,19.09.2015
37.18958333333333,20.09.2015
42.10958333333333,21.09.2015
42.07875,22.09.2015
48.0575,23.09.2015
43.9625,24.09.2015
41.212916666666665,25.09.2015
40.37875,26.09.2015
31.7625,27.09.2015
34.42916666666667,28.09.2015
44.26166666666666,29.09.2015
43.20166666666667,30.09.2015
44.82125,01.10.2015
44.19916666666666,02.10.2015
39.195,03.10.2015
36.052083333333336,04.10.2015
45.485416666666666,05.10.2015
49.81041666666667,06.10.2015
46.655833333333334,07.10.2015
46.60625,08.10.2015
48.0925,09.10.2015
40.522083333333335,10.10.2015
26.57208333333333,11.10.2015
79.60375,12.10.2015
48.04666666666667,13.10.2015
49.63125,14.10.2015
47.99875,15.10.2015
49.32666666666667,16.10.2015
39.35166666666667,17.10.2015
34.64375,18.10.2015
47.94708333333333,19.10.2015
48.66916666666667,20.10.2015
43.49166666666667,21.10.2015
39.96083333333333,22.10.2015
37.62166666666667,23.10.2015
37.14958333333333,24.10.2015
35.3868,25.10.2015
44.84625,26.10.2015
42.555416666666666,27.10.2015
45.516666666666666,28.10.2015
48.86125,29.10.2015
45.77458333333333,30.10.2015
33.42,31.10.2015
33.299166666666665,01.11.2015
44.02791666666667,02.11.2015
43.90958333333333,03.11.2015
44.1125,04.11.2015
46.157916666666665,05.11.2015
50.284166666666664,06.11.2015
46.8375,07.11.2015
35.626666666666665,08.11.2015
40.190416666666664,09.11.2015
47.922916666666666,10.11.2015
47.20666666666666,11.11.2015
45.093333333333334,12.11.2015
44.94958333333334,13.11.2015
41.028333333333336,14.11.2015
39.98166666666667,15.11.2015
36.08708333333333,16.11.2015
46.814166666666665,17.11.2015
47.01958333333334,18.11.2015
42.70291666666667,19.11.2015
38.5825,20.11.2015
35.239583333333336,21.11.2015
28.147083333333335,22.11.2015
44.22125,23.11.2015
39.439166666666665,24.11.2015
44.89083333333333,25.11.2015
47.403333333333336,26.11.2015
39.06583333333333,27.11.2015
38.71333333333333,28.11.2015
30.340833333333332,29.11.2015
36.14625,30.11.2015
41.954166666666666,01.12.2015
43.538333333333334,02.12.2015
44.748333333333335,03.12.2015
50.100833333333334,04.12.2015
42.90125,05.12.2015
37.694583333333334,06.12.2015
43.835,07.12.2015
40.1325,08.12.2015
43.272083333333335,09.12.2015
46.684583333333336,10.12.2015
48.89083333333333,11.12.2015
42.85791666666667,12.12.2015
41.1775,13.12.2015
46.557916666666664,14.12.2015
52.86833333333333,15.12.2015
51.01,16.12.2015
46.46666666666667,17.12.2015
44.355,18.12.2015
46.397083333333335,19.12.2015
41.877916666666664,20.12.2015
45.684583333333336,21.12.2015
49.43208333333333,22.12.2015
49.1425,23.12.2015
37.475,24.12.2015
32.749583333333334,25.12.2015
25.504583333333333,26.12.2015
29.6075,27.12.2015
39.16416666666667,28.12.2015
39.850833333333334,29.12.2015
35.19416666666667,30.12.2015
29.270416666666666,31.12.2015
36.47,01.01.2016
39.16041666666667,02.01.2016
39.55833333333333,03.01.2016
45.99625,04.01.2016
49.860416666666666,05.01.2016
43.82208333333333,06.01.2016
47.91708333333333,07.01.2016
47.432916666666664,08.01.2016
42.07625,09.01.2016
37.705,10.01.2016
39.829166666666666,11.01.2016
43.19375,12.01.2016
37.66458333333333,13.01.2016
38.276666666666664,14.01.2016
41.46541666666667,15.01.2016
34.806666666666665,16.01.2016
27.134166666666665,17.01.2016
41.44416666666667,18.01.2016
44.428333333333335,19.01.2016
51.744166666666665,20.01.2016
61.22,21.01.2016
44.65833333333333,22.01.2016
43.84583333333333,23.01.2016
42.68625,24.01.2016
51.455,25.01.2016
46.75666666666667,26.01.2016
49.02708333333333,27.01.2016
46.069583333333334,28.01.2016
46.35875,29.01.2016
43.60125,30.01.2016
30.469166666666666,31.01.2016
36.21541666666667,01.02.2016
41.25875,02.02.2016
38.747083333333336,03.02.2016
32.17791666666667,04.02.2016
34.97875,05.02.2016
29.797083333333333,06.02.2016
16.689166666666665,07.02.2016
26.87125,08.02.2016
30.672916666666666,09.02.2016
25.27125,10.02.2016
26.523333333333333,11.02.2016
33.03208333333333,12.02.2016
23.151666666666667,13.02.2016
13.68625,14.02.2016
24.997083333333332,15.02.2016
29.8425,16.02.2016
25.0225,17.02.2016
25.510833333333334,18.02.2016
28.24125,19.02.2016
21.25583333333333,20.02.2016
11.67375,21.02.2016
18.515,22.02.2016
24.232916666666668,23.02.2016
25.657916666666665,24.02.2016
29.402916666666666,25.02.2016
28.18,26.02.2016
24.229583333333334,27.02.2016
16.798333333333332,28.02.2016
23.457916666666666,29.02.2016
23.594166666666666,01.03.2016
23.81,02.03.2016
28.33416666666667,03.03.2016
26.270416666666666,04.03.2016
22.13875,05.03.2016
16.88625,06.03.2016
28.657916666666665,07.03.2016
28.55291666666667,08.03.2016
25.23125,09.03.2016
26.5625,10.03.2016
26.87,11.03.2016
25.748333333333335,12.03.2016
20.920416666666668,13.03.2016
26.417083333333334,14.03.2016
33.502916666666664,15.03.2016
35.397083333333335,16.03.2016
35.31333333333333,17.03.2016
27.800416666666667,18.03.2016
24.8025,19.03.2016
16.67875,20.03.2016
30.264166666666668,21.03.2016
33.41458333333333,22.03.2016
29.167083333333334,23.03.2016
28.410833333333333,24.03.2016
26.05666666666667,25.03.2016
23.100416666666668,26.03.2016
10.74391304347826,27.03.2016
9.07125,28.03.2016
28.069166666666668,29.03.2016
29.232083333333332,30.03.2016
29.288333333333334,31.03.2016
27.690416666666668,01.04.2016
22.990833333333335,02.04.2016
18.588333333333335,03.04.2016
28.3425,04.04.2016
32.17958333333333,05.04.2016
28.3825,06.04.2016
27.09625,07.04.2016
28.594166666666666,08.04.2016
26.155833333333334,09.04.2016
23.446666666666665,10.04.2016
28.7025,11.04.2016
31.910833333333333,12.04.2016
32.49916666666667,13.04.2016
29.245,14.04.2016
25.873333333333335,15.04.2016
22.279166666666665,16.04.2016
23.564583333333335,17.04.2016
34.413333333333334,18.04.2016
29.8925,19.04.2016
26.36625,20.04.2016
29.373333333333335,21.04.2016
26.946666666666665,22.04.2016
27.356666666666666,23.04.2016
21.799166666666668,24.04.2016
39.52583333333333,25.04.2016
38.5775,26.04.2016
36.43666666666667,27.04.2016
40.67041666666667,28.04.2016
35.034166666666664,29.04.2016
31.550416666666667,30.04.2016
16.942083333333333,01.05.2016
27.495416666666667,02.05.2016
27.350833333333334,03.05.2016
29.378333333333334,04.05.2016
25.876666666666665,05.05.2016
31.3775,06.05.2016
31.53708333333333,07.05.2016
19.329583333333332,08.05.2016
31.575,09.05.2016
35.135,10.05.2016
32.47541666666667,11.05.2016
29.910833333333333,12.05.2016
27.29083333333333,13.05.2016
15.655833333333334,14.05.2016
6.245416666666666,15.05.2016
28.867083333333333,16.05.2016
31.287916666666668,17.05.2016
32.20708333333334,18.05.2016
31.6825,19.05.2016
29.4775,20.05.2016
25.479583333333334,21.05.2016
12.445833333333333,22.05.2016
30.515,23.05.2016
31.39875,24.05.2016
31.85875,25.05.2016
29.012916666666666,26.05.2016
30.601666666666667,27.05.2016
24.639166666666668,28.05.2016
17.9725,29.05.2016
33.656666666666666,30.05.2016
33.30625,31.05.2016
35.335,01.06.2016
34.062916666666666,02.06.2016
34.15083333333333,03.06.2016
25.373333333333335,04.06.2016
20.715833333333332,05.06.2016
34.150416666666665,06.06.2016
33.63583333333333,07.06.2016
38.55125,08.06.2016
39.79333333333334,09.06.2016
30.711666666666666,10.06.2016
30.3075,11.06.2016
24.7275,12.06.2016
33.0475,13.06.2016
33.218333333333334,14.06.2016
34.522083333333335,15.06.2016
31.330833333333334,16.06.2016
30.159583333333334,17.06.2016
24.1575,18.06.2016
20.7975,19.06.2016
45.05416666666667,20.06.2016
34.185,21.06.2016
35.8175,22.06.2016
38.45625,23.06.2016
36.151666666666664,24.06.2016
34.47291666666667,25.06.2016
27.516666666666666,26.06.2016
38.944583333333334,27.06.2016
34.545833333333334,28.06.2016
33.950833333333335,29.06.2016
34.74916666666667,30.06.2016
40.21375,01.07.2016
40.13333333333333,02.07.2016
30.489166666666666,03.07.2016
31.574583333333333,04.07.2016
36.03,05.07.2016
36.635416666666664,06.07.2016
36.122083333333336,07.07.2016
33.85458333333333,08.07.2016
33.14958333333333,09.07.2016
25.1625,10.07.2016
38.54958333333333,11.07.2016
45.70291666666667,12.07.2016
40.88916666666667,13.07.2016
39.10666666666667,14.07.2016
34.855,15.07.2016
30.22625,16.07.2016
24.483333333333334,17.07.2016
34.350833333333334,18.07.2016
33.702083333333334,19.07.2016
37.78375,20.07.2016
36.57416666666666,21.07.2016
33.98416666666667,22.07.2016
36.10375,23.07.2016
32.270833333333336,24.07.2016
38.14458333333334,25.07.2016
37.74041666666667,26.07.2016
36.825,27.07.2016
37.28,28.07.2016
39.102916666666665,29.07.2016
32.50958333333333,30.07.2016
26.89125,31.07.2016
36.9225,01.08.2016
39.836666666666666,02.08.2016
37.84375,03.08.2016
36.67208333333333,04.08.2016
36.53541666666667,05.08.2016
38.01958333333334,06.08.2016
23.95375,07.08.2016
32.955,08.08.2016
36.88375,09.08.2016
33.297916666666666,10.08.2016
32.39791666666667,11.08.2016
28.346666666666668,12.08.2016
26.825416666666666,13.08.2016
26.059583333333332,14.08.2016
30.67375,15.08.2016
33.60125,16.08.2016
33.352916666666665,17.08.2016
33.91875,18.08.2016
34.44,19.08.2016
28.1425,20.08.2016
24.17875,21.08.2016
30.355,22.08.2016
31.739166666666666,23.08.2016
34.354166666666664,24.08.2016
30.26875,25.08.2016
34.02583333333333,26.08.2016
37.876666666666665,27.08.2016
32.75791666666667,28.08.2016
34.91833333333334,29.08.2016
35.985,30.08.2016
35.903333333333336,31.08.2016
38.53458333333333,01.09.2016
37.367916666666666,02.09.2016
35.60666666666667,03.09.2016
29.585416666666667,04.09.2016
36.50416666666667,05.09.2016
35.47375,06.09.2016
33.799166666666665,07.09.2016
37.135416666666664,08.09.2016
34.274166666666666,09.09.2016
35.42666666666667,10.09.2016
29.577916666666667,11.09.2016
36.98125,12.09.2016
39.70791666666667,13.09.2016
42.92541666666666,14.09.2016
36.60541666666666,15.09.2016
34.12875,16.09.2016
35.04541666666667,17.09.2016
32.79541666666667,18.09.2016
37.34375,19.09.2016
34.88708333333334,20.09.2016
37.370416666666664,21.09.2016
36.052083333333336,22.09.2016
33.336666666666666,23.09.2016
37.8025,24.09.2016
34.03125,25.09.2016
38.27625,26.09.2016
42.22708333333333,27.09.2016
40.16875,28.09.2016
38.162083333333335,29.09.2016
42.3975,30.09.2016
45.25333333333333,01.10.2016
41.26375,02.10.2016
61.224583333333335,03.10.2016
35.810833333333335,04.10.2016
41.53125,05.10.2016
51.06375,06.10.2016
48.468333333333334,07.10.2016
34.46,08.10.2016
39.482083333333335,09.10.2016
63.92625,10.10.2016
54.50541666666667,11.10.2016
57.428333333333335,12.10.2016
58.098333333333336,13.10.2016
47.8025,14.10.2016
42.48625,15.10.2016
34.16375,16.10.2016
45.259166666666665,17.10.2016
49.14875,18.10.2016
51.09,19.10.2016
50.678333333333335,20.10.2016
44.25208333333333,21.10.2016
47.111666666666665,22.10.2016
34.2775,23.10.2016
40.44,24.10.2016
51.067083333333336,25.10.2016
45.86541666666667,26.10.2016
40.49666666666667,27.10.2016
39.67458333333333,28.10.2016
36.327083333333334,29.10.2016
37.17,30.10.2016
44.14375,31.10.2016
36.9475,01.11.2016
40.05375,02.11.2016
52.13625,03.11.2016
44.3675,04.11.2016
42.18208333333333,05.11.2016
34.90875,06.11.2016
46.12166666666667,07.11.2016
55.462916666666665,08.11.2016
49.844166666666666,09.11.2016
51.20125,10.11.2016
49.45916666666667,11.11.2016
40.282916666666665,12.11.2016
36.01375,13.11.2016
41.2225,14.11.2016
38.61333333333334,15.11.2016
43.00625,16.11.2016
38.165416666666665,17.11.2016
34.961666666666666,18.11.2016
30.344166666666666,19.11.2016
18.774583333333332,20.11.2016
34.11708333333333,21.11.2016
39.51833333333333,22.11.2016
44.736666666666665,23.11.2016
39.25791666666667,24.11.2016
42.297916666666666,25.11.2016
39.745416666666664,26.11.2016
30.075833333333332,27.11.2016
42.69875,28.11.2016
43.15541666666667,29.11.2016
39.57791666666667,30.11.2016
42.97958333333333,01.12.2016
41.937916666666666,02.12.2016
40.66625,03.12.2016
37.5025,04.12.2016
49.5275,05.12.2016
53.38791666666667,06.12.2016
48.80583333333333,07.12.2016
42.4375,08.12.2016
42.91916666666667,09.12.2016
42.1875,10.12.2016
32.19541666666667,11.12.2016
47.73708333333333,12.12.2016
50.60916666666667,13.12.2016
57.17875,14.12.2016
50.70166666666667,15.12.2016
57.634166666666665,16.12.2016
50.3925,17.12.2016
49.43,18.12.2016
63.32375,19.12.2016
51.98291666666667,20.12.2016
55.875,21.12.2016
60.62375,22.12.2016
57.54875,23.12.2016
55.906666666666666,24.12.2016
49.56166666666667,25.12.2016
44.26625,26.12.2016
54.6125,27.12.2016
45.76,28.12.2016
49.9,29.12.2016
45.346666666666664,30.12.2016
50.2325,31.12.2016
41.25416666666667,01.01.2017
49.70708333333334,02.01.2017
62.14041666666667,03.01.2017
55.97125,04.01.2017
55.151666666666664,05.01.2017
51.33083333333333,06.01.2017
50.23375,07.01.2017
53.86958333333333,08.01.2017
74.52416666666667,09.01.2017
97.09041666666667,10.01.2017
150.01666666666668,11.01.2017
79.79083333333334,12.01.2017
73.68541666666667,13.01.2017
66.06708333333333,14.01.2017
74.2375,15.01.2017
81.73,16.01.2017
89.94666666666667,17.01.2017
83.76833333333333,18.01.2017
94.745,19.01.2017
97.64875,20.01.2017
79.77541666666667,21.01.2017
53.61541666666667,22.01.2017
90.70625,23.01.2017
99.10875,24.01.2017
97.99916666666667,25.01.2017
95.94708333333334,26.01.2017
108.99958333333333,27.01.2017
109.68208333333334,28.01.2017
83.24,29.01.2017
104.27625,30.01.2017
112.51875,31.01.2017
108.00916666666667,01.02.2017
105.73916666666666,02.02.2017
74.22958333333334,03.02.2017
53.82875,04.02.2017
44.26291666666667,05.02.2017
68.45166666666667,06.02.2017
62.69083333333333,07.02.2017
59.65958333333333,08.02.2017
60.65416666666667,09.02.2017
58.64333333333333,10.02.2017
41.891666666666666,11.02.2017
38.029583333333335,12.02.2017
56.110416666666666,13.02.2017
54.2425,14.02.2017
50.6875,15.02.2017
56.91166666666667,16.02.2017
61.465,17.02.2017
49.00208333333333,18.02.2017
38.50958333333333,19.02.2017
54.294583333333335,20.02.2017
56.74458333333333,21.02.2017
49.66416666666667,22.02.2017
47.76583333333333,23.02.2017
38.40708333333333,24.02.2017
46.50333333333333,25.02.2017
34.39375,26.02.2017
49.916666666666664,27.02.2017
35.72208333333333,28.02.2017
40.035,01.03.2017
42.77375,02.03.2017
38.79208333333333,03.03.2017
31.649583333333332,04.03.2017
19.519166666666667,05.03.2017
42.11666666666667,06.03.2017
44.05291666666667,07.03.2017
35.63458333333333,08.03.2017
42.23875,09.03.2017
38.77166666666667,10.03.2017
34.44833333333333,11.03.2017
26.048333333333332,12.03.2017
38.62833333333333,13.03.2017
35.843333333333334,14.03.2017
34.6275,15.03.2017
38.530833333333334,16.03.2017
37.42541666666666,17.03.2017
31.670833333333334,18.03.2017
35.175,19.03.2017
54.94375,20.03.2017
51.55583333333333,21.03.2017
41.11291666666666,22.03.2017
39.46041666666667,23.03.2017
39.5125,24.03.2017
42.32375,25.03.2017
28.063478260869566,26.03.2017
36.07541666666667,27.03.2017
40.07875,28.03.2017
38.182916666666664,29.03.2017
34.63708333333334,30.03.2017
40.93666666666667,31.03.2017
33.77041666666667,01.04.2017
27.34,02.04.2017
41.50541666666667,03.04.2017
47.11125,04.04.2017
51.61333333333334,05.04.2017
44.45291666666667,06.04.2017
39.36416666666667,07.04.2017
38.85041666666667,08.04.2017
32.9125,09.04.2017
41.21208333333333,10.04.2017
42.515,11.04.2017
42.30125,12.04.2017
42.52875,13.04.2017
36.740833333333335,14.04.2017
34.870416666666664,15.04.2017
21.754583333333333,16.04.2017
24.9175,17.04.2017
38.53916666666667,18.04.2017
42.57083333333333,19.04.2017
44.60541666666666,20.04.2017
42.843333333333334,21.04.2017
43.52916666666667,22.04.2017
39.126666666666665,23.04.2017
49.30041666666666,24.04.2017
43.535833333333336,25.04.2017
47.95625,26.04.2017
44.71333333333333,27.04.2017
42.31333333333333,28.04.2017
36.083333333333336,29.04.2017
31.282916666666665,30.04.2017
17.588333333333335,01.05.2017
52.82958333333333,02.05.2017
56.170833333333334,03.05.2017
47.08833333333333,04.05.2017
44.03625,05.05.2017
35.440416666666664,06.05.2017
31.555833333333332,07.05.2017
38.63333333333333,08.05.2017
45.622083333333336,09.05.2017
49.73041666666666,10.05.2017
42.99666666666667,11.05.2017
38.11958333333333,12.05.2017
49.370416666666664,13.05.2017
30.59958333333333,14.05.2017
42.53625,15.05.2017
44.53791666666667,16.05.2017
40.56916666666667,17.05.2017
46.85375,18.05.2017
42.12416666666667,19.05.2017
36.07208333333333,20.05.2017
26.025,21.05.2017
51.879583333333336,22.05.2017
52.36416666666667,23.05.2017
51.67166666666667,24.05.2017
46.19083333333333,25.05.2017
54.33208333333334,26.05.2017
41.96875,27.05.2017
29.365,28.05.2017
40.751666666666665,29.05.2017
47.28791666666667,30.05.2017
49.65708333333333,31.05.2017
49.71625,01.06.2017
37.55125,02.06.2017
36.90375,03.06.2017
25.175416666666667,04.06.2017
36.666666666666664,05.06.2017
48.897083333333335,06.06.2017
46.9075,07.06.2017
43.25208333333333,08.06.2017
42.48875,09.06.2017
38.12708333333333,10.06.2017
30.179583333333333,11.06.2017
42.846666666666664,12.06.2017
44.412083333333335,13.06.2017
46.13125,14.06.2017
50.209583333333335,15.06.2017
46.83083333333333,16.06.2017
30.555833333333332,17.06.2017
30.145416666666666,18.06.2017
40.69,19.06.2017
48.78791666666667,20.06.2017
55.687916666666666,21.06.2017
57.6225,22.06.2017
52.00541666666667,23.06.2017
46.85375,24.06.2017
33.0325,25.06.2017
50.24375,26.06.2017
54.462916666666665,27.06.2017
51.75625,28.06.2017
46.0075,29.06.2017
53.38125,30.06.2017
41.124583333333334,01.07.2017
36.05,02.07.2017
42.67666666666667,03.07.2017
41.104166666666664,04.07.2017
49.44958333333334,05.07.2017
49.95666666666666,06.07.2017
57.24166666666667,07.07.2017
43.39208333333333,08.07.2017
51.8475,09.07.2017
64.76416666666667,10.07.2017
69.91625,11.07.2017
58.86083333333333,12.07.2017
60.56583333333333,13.07.2017
53.395833333333336,14.07.2017
48.065416666666664,15.07.2017
35.339166666666664,16.07.2017
44.2175,17.07.2017
55.15958333333333,18.07.2017
59.88875,19.07.2017
62.108333333333334,20.07.2017
61.27041666666667,21.07.2017
50.40958333333333,22.07.2017
51.40625,23.07.2017
58.3075,24.07.2017
42.26875,25.07.2017
54.549166666666665,26.07.2017
59.462916666666665,27.07.2017
50.760416666666664,28.07.2017
48.17125,29.07.2017
40.17,30.07.2017
65.69916666666667,31.07.2017
73.73916666666666,01.08.2017
74.18541666666667,02.08.2017
87.2375,03.08.2017
97.72291666666666,04.08.2017
75.56958333333333,05.08.2017
49.69833333333333,06.08.2017
71.48291666666667,07.08.2017
51.2575,08.08.2017
81.49916666666667,09.08.2017
68.76958333333333,10.08.2017
65.435,11.08.2017
52.17166666666667,12.08.2017
35.17541666666666,13.08.2017
34.55458333333333,14.08.2017
38.7425,15.08.2017
47.86625,16.08.2017
53.43416666666667,17.08.2017
60.031666666666666,18.08.2017
48.32958333333333,19.08.2017
23.548333333333332,20.08.2017
47.47541666666667,21.08.2017
57.19375,22.08.2017
57.41875,23.08.2017
64.69416666666666,24.08.2017
79.54875,25.08.2017
48.36708333333333,26.08.2017
33.29333333333334,27.08.2017
57.44,28.08.2017
49.151666666666664,29.08.2017
55.55458333333333,30.08.2017
67.15583333333333,31.08.2017
45.2125,01.09.2017
40.770833333333336,02.09.2017
32.357083333333335,03.09.2017
40.242916666666666,04.09.2017
53.40375,05.09.2017
51.029583333333335,06.09.2017
48.38041666666667,07.09.2017
47.467083333333335,08.09.2017
42.41708333333333,09.09.2017
38.245,10.09.2017
39.9775,11.09.2017
39.4225,12.09.2017
45.60041666666667,13.09.2017
47.349583333333335,14.09.2017
42.83083333333333,15.09.2017
53.46375,16.09.2017
40.64458333333334,17.09.2017
51.85208333333333,18.09.2017
47.36833333333333,19.09.2017
43.13041666666667,20.09.2017
42.66166666666667,21.09.2017
40.755,22.09.2017
37.83625,23.09.2017
35.66166666666667,24.09.2017
41.845416666666665,25.09.2017
40.473333333333336,26.09.2017
39.89333333333333,27.09.2017
40.985416666666666,28.09.2017
39.35791666666667,29.09.2017
35.81916666666667,30.09.2017
27.26875,01.10.2017
41.36541666666667,02.10.2017
50.57333333333333,03.10.2017
52.747083333333336,04.10.2017
51.31791666666667,05.10.2017
47.72958333333333,06.10.2017
29.813333333333333,07.10.2017
30.41125,08.10.2017
59.19291666666667,09.10.2017
68.80208333333333,10.10.2017
60.649166666666666,11.10.2017
55.31166666666667,12.10.2017
53.74375,13.10.2017
49.04666666666667,14.10.2017
35.60125,15.10.2017
51.596666666666664,16.10.2017
53.677083333333336,17.10.2017
58.285833333333336,18.10.2017
58.035833333333336,19.10.2017
60.88458333333333,20.10.2017
79.64583333333333,21.10.2017
37.077083333333334,22.10.2017
44.95125,23.10.2017
46.21333333333333,24.10.2017
50.8975,25.10.2017
66.34,26.10.2017
63.12291666666667,27.10.2017
35.35958333333333,28.10.2017
34.182,29.10.2017
42.06625,30.10.2017
45.49791666666667,31.10.2017
38.63791666666667,01.11.2017
56.775416666666665,02.11.2017
78.98916666666666,03.11.2017
60.281666666666666,04.11.2017
50.25666666666667,05.11.2017
65.39833333333333,06.11.2017
66.56208333333333,07.11.2017
63.555416666666666,08.11.2017
75.01375,09.11.2017
67.44666666666667,10.11.2017
47.153333333333336,11.11.2017
38.11833333333333,12.11.2017
58.37708333333333,13.11.2017
45.62833333333333,14.11.2017
64.485,15.11.2017
54.30833333333333,16.11.2017
56.22708333333333,17.11.2017
50.51958333333334,18.11.2017
42.135416666666664,19.11.2017
55.6125,20.11.2017
70.17208333333333,21.11.2017
75.41166666666666,22.11.2017
75.45458333333333,23.11.2017
76.4475,24.11.2017
56.514583333333334,25.11.2017
44.92666666666667,26.11.2017
59.69958333333334,27.11.2017
67.125,28.11.2017
77.285,29.11.2017
75.27333333333333,30.11.2017
65.44125,01.12.2017
43.93541666666667,02.12.2017
33.99041666666667,03.12.2017
49.867916666666666,04.12.2017
52.57333333333333,05.12.2017
40.95291666666667,06.12.2017
53.64041666666667,07.12.2017
54.790416666666665,08.12.2017
42.36666666666667,09.12.2017
29.684166666666666,10.12.2017
44.90958333333333,11.12.2017
39.01916666666666,12.12.2017
50.46208333333333,13.12.2017
40.31166666666667,14.12.2017
48.93208333333333,15.12.2017
35.8425,16.12.2017
31.02166666666667,17.12.2017
48.876666666666665,18.12.2017
62.70666666666666,19.12.2017
59.93875,20.12.2017
51.454166666666666,21.12.2017
40.885,22.12.2017
36.41625,23.12.2017
16.80375,24.12.2017
28.967916666666667,25.12.2017
13.164166666666667,26.12.2017
30.209583333333335,27.12.2017
33.220416666666665,28.12.2017
23.76,29.12.2017
24.729166666666668,30.12.2017
11.800833333333333,31.12.2017
